frase,intencao
adiciona reunião do projeto segunda às 3 da tarde,agendar
Pode troca o nome da tarefa caminhada por musculação,editar_nome
Joga reunião pra segunda!,reagendar
"ei, desliga a notificação de muay thai!",lembrete_desligar
"Rapidinho, quanto eu dormi",consultar_sono
quantas horas dormi hoje pfv,consultar_sono
"ei, ativa o sininho da caminhada",lembrete_ligar
"ei, o que vc faz aí",ajuda
"rapidinho, bota o sino na meditacao pfv",lembrete_ligar
"ei, o nome de reunião agora é musculação pfv",editar_nome
"pet, renomear trabalho para estudo de python",editar_nome
pode quanto de agua devo beber,consultar_agua
"pet, como voce funciona",ajuda
"pet, como falo com vc!",ajuda
joga estudo pra quinta,reagendar
valeu,saudacao
por favor como baixar o app no celular,ajuda_notificacoes
pode troca o detalhe da fisioterapia para pauta trimestral pfv,editar_descricao
"rapidinho, repetir massagem todo dia",repetir
quanto tempo de sono!,consultar_sono
"rapidinho, bebi água suficiente? aí",consultar_agua
"ei, atualiza a descrição de curso aí",editar_descricao
"ei, quantos ml eu tomei por favor",consultar_agua
pode quanto falta de água hoje aí,consultar_agua
"rapidinho, quantas horas dormi hj",consultar_sono
"ei, o que voce sabe fazer",ajuda
repetir atividade faculdade dias úteis por favor,repetir
Pode como voce funciona,ajuda
"ei, como tá minha sequência",consultar_sequencia
Tirar lembrete da atividade trabalho!,lembrete_desligar
"ei, qual meu recorde de dias seguidos pfv",consultar_sequencia
"rapidinho, quais atividades faltam",consultar_tarefas
"Pet, bota o sino na corrida",lembrete_ligar
"ei, tudo bem?!",saudacao
As notificacoes nao chegam,ajuda_notificacoes
por favor quantos dias em sequencia por favor,consultar_sequencia
"Rapidinho, como coloco o app na tela inicial por favor",ajuda_notificacoes
minha hidratação aí,consultar_agua
por favor tira o sino da dentista,lembrete_desligar
Mover oracao para domingo pfv,reagendar
"Ei, remarca almoco com a mae p segunda por favor",reagendar
"rapidinho, tchau ai",saudacao
"ei, repetir tarefa consulta todo sábado",repetir
"pet, a aula de inglês é a cada 15 dias",repetir
Pode quanta agua eu bebi ai,consultar_agua
"rapidinho, quanto tempo de sono pfv",consultar_sono
por favor quero que reuniao do projeto repita toda segunda por favor,repetir
Bota o sino na estudo pfv,lembrete_ligar
mostra minhas tarefas de terça,consultar_tarefas
"ei, faz natação se repetir todo sábado",repetir
"rapidinho, quantos copos de agua hoje",consultar_agua
"rapidinho, o que falta fazer hj por favor",consultar_tarefas
"Ei, minha constância?",consultar_sequencia
"ei, quanto de água devo beber",consultar_agua
repetir tarefa leitura de segunda a sexta ai,repetir
"pet, reagendar almoço com a mãe para terça por favor",reagendar
Pode editar descricao do compromisso massagem para comprar arroz e feijao por favor,editar_descricao
pode minha streak,consultar_sequencia
"Rapidinho, o que voce sabe fazer",ajuda
"pet, como ta minha sequencia",consultar_sequencia
Minha streak pfv,consultar_sequencia
por favor coloca lembrete em consulta por favor,lembrete_ligar
tudo bem? aí,saudacao
"Ei, me avisa antes de muay thai",lembrete_ligar
marcar consulta amanha 19:00,agendar
cancela o lembrete do compromisso dentista,lembrete_desligar
"ei, reagenda corrida pra sabado por favor",reagendar
"meditacao mudou de horario, coloca as 10?",editar_horario
"rapidinho, me avisa antes de mercado ai",lembrete_ligar
pode troca o dia da meditação pra dia 25/10 aí,reagendar
o que eu tenho hoje?,consultar_tarefas
"ei, o que eu tenho hoje pfv",consultar_tarefas
o que voce faz!,ajuda
pode minha hidratação!,consultar_agua
por favor editar descrição do tarefa treino de perna para levar exames!,editar_descricao
por favor quantos ml eu tomei pfv,consultar_agua
Por favor passa faculdade pra amanha,reagendar
Por favor remarca natação pra amanhã!,reagendar
troca a hora da natação pra às 7h,editar_horario
"ei, quero agendar mercado dia 25/10",agendar
pode muda o nome de aula de inglês pra corrida leve,editar_nome
"pet, como foi meu sono",consultar_sono
Bota o sino na jiu-jitsu pfv,lembrete_ligar
"Ei, registra que eu fiz yoga depois de amanhã por favor",agendar
Nao vibra quando chega aviso por favor,ajuda_notificacoes
"ei, qual meu recorde de dias seguidos ai",consultar_sequencia
ajuda!,ajuda
"pet, tô hidratado? por favor",consultar_agua
por favor reagenda natacao pra dia 25/10 pfv,reagendar
Pode corrige o nome consulta pra treino a pfv,editar_nome
por favor muda o nome de corrida pra mercado do mês pfv,editar_nome
"pet, meta de agua por favor",consultar_agua
"ei, atrasa reunião do projeto pra meio-dia",editar_horario
"Pet, o que tem p amanhã",consultar_tarefas
agenda reuniao dia 25/10 as 6 da manha pfv,agendar
Me mostra meu sono,consultar_sono
"rapidinho, como tá minha água!",consultar_agua
pode transfere almoco com a mae pra amanha,reagendar
bebi agua suficiente?!,consultar_agua
quanto tempo de sono,consultar_sono
ativar lembrete do compromisso curso?,lembrete_ligar
"pet, empurra natação pra sexta que vem por favor",reagendar
por favor o que voce sabe fazer!,ajuda
Por favor ajuda pfv,ajuda
Pode muda o horário de psicóloga pra 15h?,editar_horario
pode editar nota da tarefa psicóloga para pauta trimestral!,editar_descricao
como foi meu sono,consultar_sono
"Ja fiz reuniao do projeto hoje, registra ai por favor",agendar
o nome de corrida agora é leitura bíblica,editar_nome
coloca yoga na agenda segunda-feira às 3 da tarde pfv,agendar
o que você faz,ajuda
pode como instalar o app por favor,ajuda_notificacoes
pode muda o nome de reunião do projeto pra estudo de python por favor,editar_nome
"pet, quero ser lembrado da consulta",lembrete_ligar
por favor muda o nome de almoço com a mãe pra mercado do mês!,editar_nome
"pet, como tá minha água aí",consultar_agua
meta de agua,consultar_agua
minha consistência aí,consultar_sequencia
Quanta agua eu bebi,consultar_agua
"Ei, quantos copos de água hoje?",consultar_agua
Troca a hora da estudo pra às 6 da manhã?,editar_horario
"Pet, oi pet por favor",saudacao
a nota da curso e treino de costas?,editar_descricao
Pode adia curso pra dia 25/10!,reagendar
como coloco o app na tela inicial!,ajuda_notificacoes
"rapidinho, o que posso te pedir pfv",ajuda
"Pet, joga jiu-jitsu pra amanha?",reagendar
"rapidinho, o que você faz pfv",ajuda
"pet, me ajuda!",ajuda
"rapidinho, faz psicóloga se repetir de segunda a sexta!",repetir
"Rapidinho, mover atividade academia para dia 12 aí",reagendar
"pet, como tá minha semana pfv",consultar_tarefas
por favor quais são suas funções,ajuda
"rapidinho, as notificações não chegam",ajuda_notificacoes
repete caminhada toda semana por favor,repetir
"massagem dias úteis, coloca repetição?",repetir
"ei, quanto falta de agua hoje!",consultar_agua
muda o título da compromisso oração para treino A!,editar_nome
"pet, tenho caminhada segunda as 8!",agendar
pode a dentista é a cada 15 dias,repetir
agendar compromisso dia 25/10 as 7h titulo estudo,agendar
joga dentista pra segunda?,reagendar
pode meditação agora é 19:00 pfv,editar_horario
minha constância!,consultar_sequencia
"rapidinho, que horas fui dormir ontem pfv",consultar_sono
"rapidinho, quero agendar devocional dia 25/10",agendar
quais sao suas funcoes por favor,ajuda
tchau,saudacao
"pet, banco toda segunda, coloca repeticao",repetir
Pode troca o dia da psicóloga pra sábado por favor,reagendar
"rapidinho, mostra minhas tarefas de dia 12",consultar_tarefas
passa treino de perna pra às 18 horas aí,editar_horario
Muda o titulo da compromisso curso para corrida leve ai,editar_nome
nao recebo aviso?,ajuda_notificacoes
pode me ensina a usar pfv,ajuda
"Ei, a nota da massagem e pauta trimestral",editar_descricao
o que você sabe fazer por favor,ajuda
Repete reuniao todo sabado,repetir
"ei, reuniao toda semana, coloca repeticao",repetir
show!,saudacao
"rapidinho, empurra meditação pra segunda-feira!",reagendar
minha hidratação por favor,consultar_agua
"ei, não vibra quando chega aviso!",ajuda_notificacoes
muda a descricao de almoco com a mae pra treino de costas!,editar_descricao
muda a descrição de faculdade pra comprar arroz e feijão,editar_descricao
"ei, minha hidratação",consultar_agua
por favor media de sono pfv,consultar_sono
quanta agua eu bebi ai,consultar_agua
"rapidinho, liga a notificacao de aula de ingles",lembrete_ligar
"por favor vou ter banco semana que vem , marca p mim?",agendar
"rapidinho, passa mercado pra depois de amanhã",reagendar
quanto falta de água hoje!,consultar_agua
ativar lembrete do compromisso oracao por favor,lembrete_ligar
editar horário do atividade corrida para 15h por favor,editar_horario
"Ei, as notificações não chegam",ajuda_notificacoes
Como foi meu sono,consultar_sono
"Mercado de segunda a sexta, coloca repeticao",repetir
"ei, editar nota da tarefa mercado para levar documento",editar_descricao
"rapidinho, quanto falta de agua hoje pfv",consultar_agua
"pet, qual minha sequencia",consultar_sequencia
Me ajuda?,ajuda
"Ei, quero ser lembrado da estudo?",lembrete_ligar
Por favor tô hidratado?!,consultar_agua
"Ei, editar nome da academia para leitura bíblica",editar_nome
desativa o sininho da dentista aí,lembrete_desligar
meta de agua ai,consultar_agua
pode quanto eu dormi aí,consultar_sono
falhei quantas vezes essa semana? pfv,consultar_sequencia
"pet, o que eu tenho hoje",consultar_tarefas
"ei, quais sao suas funcoes pfv",ajuda
Reagendar tarefa massagem para amanha?,reagendar
"Pet, tudo bem? aí",saudacao
pode como coloco o app na tela inicial por favor,ajuda_notificacoes
Altera o titulo de dentista pra pilates,editar_nome
"pet, escreve comprar arroz e feijao na descricao da leitura",editar_descricao
quantos copos de água hoje,consultar_agua
Pode tenho algo marcado amanha? pfv,consultar_tarefas
"rapidinho, quanta agua eu bebi!",consultar_agua
pode muda o título da tarefa natação para musculação,editar_nome
o aviso nao chega no meu celular!,ajuda_notificacoes
por favor sem lembrete na jiu-jitsu aí,lembrete_desligar
horas de sono da semana,consultar_sono
"aula de inglês mudou de horário, coloca às 7h pfv",editar_horario
"rapidinho, liga o lembrete de reunião",lembrete_ligar
pode recorrência de faculdade toda segunda,repetir
"Pet, o lembrete não tocou aí",ajuda_notificacoes
"ei, recorrência de dentista todo sábado!",repetir
"rapidinho, para de me avisar da curso aí",lembrete_desligar
pode marca devocional pra sexta que vem 15h!,agendar
pode altera a hora de consulta para às 7h?,editar_horario
recorrencia de banco todo sabado!,repetir
Renomear reunião para treino a!,editar_nome
pode qual minha sequência,consultar_sequencia
pode liga o lembrete de dentista,lembrete_ligar
quantos ml eu tomei?,consultar_agua
por favor renomear academia para mercado do mês por favor,editar_nome
minha consistencia,consultar_sequencia
top!,saudacao
poe lembrete na academia,lembrete_ligar
"rapidinho, como ativar notificação",ajuda_notificacoes
pode como ta minha agua pfv,consultar_agua
"pet, coloca na descrição de leitura: comprar arroz e feijão pfv",editar_descricao
"pet, troca a hora da banco pra !",editar_horario
"ei, quero mudar o nome de consulta para corrida leve",editar_nome
"Rapidinho, curso mudou de horario, coloca 15h por favor",editar_horario
"rapidinho, escreve comprar arroz e feijão na descrição da treino de perna!",editar_descricao
me mostra meu sono,consultar_sono
"ei, cria um compromisso de aula de inglês domingo às 6 da manhã?",agendar
Pode adia leitura pra quinta?,reagendar
"Pet, repete treino de perna todo dia",repetir
"rapidinho, coloca meditação pra repetir toda segunda!",repetir
"ei, quanto eu dormi pfv",consultar_sono
por favor quanto de agua devo beber ai,consultar_agua
pode meta de água,consultar_agua
pode troca o detalhe da leitura para comprar arroz e feijão pfv,editar_descricao
por favor tudo bem?!,saudacao
muda o horário de reunião do projeto pra às 9:30 aí,editar_horario
o que eu tenho hoje,consultar_tarefas
"Pet, transfere reuniao pra dia 25/10 20h30 por favor",reagendar
Pode muda o nome de estudo pra reunião semanal?,editar_nome
adianta jiu-jitsu pra às 6 da manhã por favor,editar_horario
pode instalar no android pfv,ajuda_notificacoes
"pet, como tá minha sequência pfv",consultar_sequencia
o que tem pra amanha,consultar_tarefas
por favor quero mudar o nome de natacao para estudo de python?,editar_nome
Muda o horario de mercado pra 19:00?,editar_horario
Pode to hidratado? ai,consultar_agua
"ei, apaga o lembrete de psicóloga?",lembrete_desligar
a nota da treino de perna é comprar arroz e feijão aí,editar_descricao
por favor agendar compromisso dia 12 às 7h título banco?,agendar
"ei, a treino de perna e toda semana ai",repetir
"pet, marca devocional pra terça 19:00",agendar
coloca almoco com a mae p repetir toda segunda,repetir
desliga o lembrete de mercado!,lembrete_desligar
"rapidinho, sem lembrete na faculdade aí",lembrete_desligar
por favor coloca lembrete em banco,lembrete_ligar
por favor como voce funciona?,ajuda
Altera a hora de aula de inglês para 19:00!,editar_horario
adicionar lembrete na atividade trabalho,lembrete_ligar
"Ei, qual minha sequencia ai",consultar_sequencia
"pet, a nota da almoco com a mae e levar documento!",editar_descricao
"ei, minha agenda terça!",consultar_tarefas
"ei, oi pet?",saudacao
"rapidinho, como coloco o app na tela inicial!",ajuda_notificacoes
"Rapidinho, não precisa me lembrar da oração aí",lembrete_desligar
"ei, como instalar o app",ajuda_notificacoes
tchau?,saudacao
"ei, ativar lembrete do compromisso estudo",lembrete_ligar
"Rapidinho, lista de hoje",consultar_tarefas
"pet, minha streak!",consultar_sequencia
por favor tchau pfv,saudacao
"pet, muda o nome de mercado p mercado do mes",editar_nome
"Pet, editar hora do compromisso faculdade para as 6 da manha por favor",editar_horario
Pode remove o lembrete de reuniao do projeto,lembrete_desligar
adianta caminhada pra meio-dia pfv,editar_horario
"ei, marca psicologa pra depois de amanha as 3 da tarde!",agendar
"pet, troca o dia da banco pra depois de amanha",reagendar
"ei, como foi meu sono",consultar_sono
"rapidinho, quantos ml eu tomei!",consultar_agua
atrasa devocional pra as 18 horas?,editar_horario
por favor bebi agua suficiente? pfv,consultar_agua
pode para de me avisar da reunião por favor,lembrete_desligar
"rapidinho, quanto eu dormi por favor",consultar_sono
Editar descricao do atividade dentista para comprar arroz e feijao,editar_descricao
"pet, como ativar notificação aí",ajuda_notificacoes
como ta minha sequencia ai,consultar_sequencia
"pet, o nome de oração agora é reunião semanal por favor",editar_nome
por favor altera a hora de faculdade para as 9:30 ai,editar_horario
"pet, bota o sino na curso aí",lembrete_ligar
marcar psicóloga amanhã às 7h?,agendar
por favor sem lembrete na massagem,lembrete_desligar
Pode poe lembrete na devocional,lembrete_ligar
jiu-jitsu agora é por favor,editar_horario
adianta meditação pra 19:00,editar_horario
pode muda o titulo da tarefa academia para corrida leve ai,editar_nome
quais comandos pfv,ajuda
"rapidinho, adiciona a nota comprar arroz e feijao em natacao!",editar_descricao
deixa fisioterapia fixa a cada 15 dias?,repetir
"ei, deixa reuniao fixa toda semana!",repetir
tenho devocional segunda meio-dia?,agendar
como tá minha sequência?,consultar_sequencia
Por favor quanta agua eu bebi,consultar_agua
as notificacoes nao chegam pfv,ajuda_notificacoes
coloca aula de inglês p repetir a cada 15 dias,repetir
Muda o horario de aula de ingles pra,editar_horario
por favor sem lembrete na dentista pfv,lembrete_desligar
"rapidinho, não precisa me lembrar da psicóloga",lembrete_desligar
"ei, oi!",saudacao
"pet, coloca muay thai pra repetir todo sábado pfv",repetir
Pode como ta minha semana,consultar_tarefas
por favor ate mais?,saudacao
por favor o que você sabe fazer!,ajuda
"ei, o aviso não chega no meu celular pfv",ajuda_notificacoes
"Pet, troca o detalhe da aula de inglês para treino de costas pfv",editar_descricao
"rapidinho, adiciona a nota treino de costas em consulta!",editar_descricao
"ei, me mostra meu sono",consultar_sono
"pet, quero mudar o horário da mercado!",editar_horario
ajuda?,ajuda
"rapidinho, coloca na descrição de leitura: pauta trimestral pfv",editar_descricao
help,ajuda
Pode agenda faculdade terça 19:00,agendar
"rapidinho, meta de agua",consultar_agua
Pode o aviso nao chega no meu celular por favor,ajuda_notificacoes
"pet, renomeia caminhada pra pilates ai",editar_nome
Pode altera o título de mercado pra treino a pfv,editar_nome
"ei, editar horário do atividade reunião para às 6 da manhã?",editar_horario
"Oração toda segunda, coloca repetição aí",repetir
"ei, como ativar notificacao?",ajuda_notificacoes
como baixar o app no celular?,ajuda_notificacoes
"vou ter banco semana que vem às 3 da tarde, marca p mim",agendar
quero mudar o horário da mercado por favor,editar_horario
"pet, repete almoco com a mae de segunda a sexta ai",repetir
pode sem lembrete na dentista,lembrete_desligar
por favor tira o sino da muay thai!,lembrete_desligar
que horas eu acordei,consultar_sono
"ei, nao sei usar isso ai",ajuda
"rapidinho, o que eu tenho sábado",consultar_tarefas
o que eu tenho sexta que vem pfv,consultar_tarefas
"Rapidinho, falhei quantas vezes essa semana?!",consultar_sequencia
cria um compromisso de massagem quinta ?,agendar
"ei, bom dia pfv",saudacao
Pode bebi água suficiente?,consultar_agua
desativa o sininho da oração pfv,lembrete_desligar
"ei, qual minha sequencia?",consultar_sequencia
"ei, me ensina a usar por favor",ajuda
por favor cancela o lembrete do compromisso banco,lembrete_desligar
oi,saudacao
"ei, o aviso nao chega no meu celular",ajuda_notificacoes
por favor pode agendar estudo pra hoje?,agendar
escreve comprar arroz e feijão na descrição da almoço com a mãe pfv,editar_descricao
pode adicionar lembrete na atividade psicóloga aí,lembrete_ligar
"Rapidinho, oi pet por favor",saudacao
"rapidinho, já fiz oração hoje, registra aí",agendar
"ei, para de me avisar da trabalho",lembrete_desligar
"pet, para de me avisar da faculdade",lembrete_desligar
passa curso pra segunda!,reagendar
"pet, bom dia aí",saudacao
por favor quantas horas dormi hoje ai,consultar_sono
pode coloca na descricao de massagem: treino de costas,editar_descricao
"Rapidinho, o que falta fazer hoje",consultar_tarefas
pode marca leitura pra terça meio-dia,agendar
empurra meditacao pra amanha por favor,reagendar
anota reuniao do projeto hj as 18 horas ai,agendar
"pet, quais meus compromissos quarta por favor",consultar_tarefas
Pode muda a descrição de jiu-jitsu pra levar documento,editar_descricao
"ei, adiciona a nota levar exames em corrida",editar_descricao
por favor o que falta fazer hoje,consultar_tarefas
"ei, já fiz reunião hoje, registra aí pfv",agendar
"pet, desativa o sininho da trabalho aí",lembrete_desligar
por favor quantos dias em sequência?,consultar_sequencia
instalar no android,ajuda_notificacoes
o que tem p amanhã,consultar_tarefas
renomear dentista para estudo de python,editar_nome
repete devocional todo dia,repetir
"pet, quero agendar oração semana que vem!",agendar
"rapidinho, remarca caminhada pra segunda-feira por favor",reagendar
"ei, registra que eu fiz reuniao do projeto sabado ai",agendar
pode o que eu tenho sexta por favor,consultar_tarefas
mover tarefa caminhada para amanha por favor,reagendar
"pet, coloca consulta na agenda domingo às 10?",agendar
"rapidinho, liga o lembrete de estudo",lembrete_ligar
"rapidinho, transfere leitura pra semana que vem por favor",reagendar
como habilitar pop up por favor,ajuda_notificacoes
tenho algo marcado domingo?,consultar_tarefas
editar descricao do compromisso psicologa para comprar arroz e feijao,editar_descricao
pode ativar lembrete do compromisso caminhada,lembrete_ligar
"ei, quero que consulta repita dias úteis",repetir
"Ei, como ta minha semana?",consultar_tarefas
Como tá minha sequência?,consultar_sequencia
pode altera a hora de almoco com a mae para 15h,editar_horario
tô hidratado?,consultar_agua
"rapidinho, quantos dias em sequência!",consultar_sequencia
quero que dentista repita toda segunda aí,repetir
"pet, transfere dentista pra depois de amanhã meio-dia",reagendar
tô dormindo pouco? pfv,consultar_sono
editar nota da tarefa oração para capítulo 5 por favor,editar_descricao
por favor não sei usar isso!,ajuda
atualiza a descrição de academia aí,editar_descricao
põe lembrete na dentista?,lembrete_ligar
"pet, o que posso te pedir por favor",ajuda
pode agendar compromisso segunda-feira meio-dia título estudo pfv,agendar
quero mudar o nome de treino de perna para reunião semanal!,editar_nome
pode minha streak?,consultar_sequencia
"pet, troca o nome da tarefa treino de perna por treino A",editar_nome
"pet, quero mudar o nome de psicóloga para mercado do mês?",editar_nome
pode corrige o nome meditacao pra corrida leve?,editar_nome
"Ei, o que eu tenho hoje",consultar_tarefas
"Ei, quantos copos de agua hoje!",consultar_agua
"pet, editar nome da tarefa yoga para mercado do mês por favor",editar_nome
"ei, altera o titulo de natacao pra estudo de python pfv",editar_nome
não recebo aviso aí,ajuda_notificacoes
"rapidinho, o aviso não chega no meu celular aí",ajuda_notificacoes
pode editar nome da compromisso aula de ingles para treino A,editar_nome
"pet, a nota da leitura e levar documento pfv",editar_descricao
Muda o título da atividade academia para leitura bíblica aí,editar_nome
Obrigado!,saudacao
por favor editar repeticao do leitura para de segunda a sexta,repetir
"rapidinho, editar nota da tarefa leitura para comprar arroz e feijão aí",editar_descricao
"ei, liga a notificação de caminhada",lembrete_ligar
"ei, banco agora e as 9:30 por favor",editar_horario
Pode coloca treino de perna pra repetir todo dia?,repetir
"pet, deixa dentista fixa todo dia pfv",repetir
"pet, preciso marcar reunião do projeto quinta às 9:30?",agendar
não vibra quando chega aviso,ajuda_notificacoes
"ei, tô hidratado? por favor",consultar_agua
joga aula de ingles pra sabado,reagendar
"ei, tô quantos dias sem falhar? pfv",consultar_sequencia
"pet, adia banco pra sabado",reagendar
"ei, apaga o lembrete de trabalho",lembrete_desligar
"pet, agenda oração semana que vem às 3 da tarde pfv",agendar
"Rapidinho, reagenda reunião pra domingo pfv",reagendar
"Pet, apaga o lembrete de meditação",lembrete_desligar
muda a descricao de yoga pra pauta trimestral por favor,editar_descricao
meu sono essa semana por favor,consultar_sono
por favor deixa reunião fixa todo dia,repetir
Remove o lembrete de psicologa ai,lembrete_desligar
por favor renomear consulta para mercado do mês,editar_nome
quanta agua eu bebi?,consultar_agua
falhei quantas vezes essa semana?,consultar_sequencia
liga a notificacao de leitura ai,lembrete_ligar
pode me ajuda,ajuda
tô quantos dias sem falhar? por favor,consultar_sequencia
O nome de trabalho agora é pilates,editar_nome
"Ei, altera a observacao de consulta p capitulo 5",editar_descricao
a nota da mercado é capítulo 5 aí,editar_descricao
pode remarca academia pra semana que vem,reagendar
cria um compromisso de curso sexta as 10!,agendar
"Pet, editar nota da tarefa psicóloga para levar documento por favor",editar_descricao
"rapidinho, cancela o lembrete do compromisso dentista por favor",lembrete_desligar
Por favor troca o dia da almoço com a mãe pra quarta,reagendar
"Pet, o que tem pra amanhã",consultar_tarefas
por favor o que eu tenho hoje pfv,consultar_tarefas
minha consistencia!,consultar_sequencia
pode as notificações não chegam por favor,ajuda_notificacoes
"rapidinho, editar descricao do consulta para levar exames por favor",editar_descricao
"rapidinho, como você funciona",ajuda
por favor quanto falta de agua hoje?,consultar_agua
"pet, escreve pauta trimestral na descrição da massagem",editar_descricao
"ei, como habilitar pop up?",ajuda_notificacoes
"ei, minha hidratacao",consultar_agua
"pet, como falo com você aí",ajuda
"rapidinho, show por favor",saudacao
pode minha hidratação,consultar_agua
liga o lembrete de yoga,lembrete_ligar
"pet, me ajuda",ajuda
"pet, muda o título da compromisso aula de inglês para musculação",editar_nome
"rapidinho, mostra minhas tarefas de dia 12 por favor",consultar_tarefas
editar hora do compromisso reunião para 19:00 aí,editar_horario
Pode nao precisa me lembrar da yoga!,lembrete_desligar
por favor muda o horário de jiu-jitsu pra às 18 horas!,editar_horario
quero que estudo repita toda semana pfv,repetir
"ei, marcar reunião do projeto sábado às 7h!",agendar
"Rapidinho, que horas fui dormir ontem aí",consultar_sono
não precisa me lembrar da devocional pfv,lembrete_desligar
pode qual minha sequencia pfv,consultar_sequencia
"rapidinho, como tá minha água aí",consultar_agua
notificacao nao aparece no iphone pfv,ajuda_notificacoes
muda o nome de fisioterapia pra pilates,editar_nome
"rapidinho, ajuda pfv",ajuda
"pet, repete corrida todo sábado",repetir
Pode me avisa antes de devocional pfv,lembrete_ligar
por favor como tá minha semana!,consultar_tarefas
"Ei, coloca na descrição de oração: levar exames?",editar_descricao
"ei, adicionar lembrete na reunião aí",lembrete_ligar
"pet, a nota da leitura e comprar arroz e feijao",editar_descricao
"pet, como tá minha água!",consultar_agua
Qual minha sequência por favor,consultar_sequencia
por favor altera a observacao de academia pra comprar arroz e feijao,editar_descricao
"rapidinho, inclui jiu-jitsu quarta às 3 da tarde!",agendar
não sei usar isso,ajuda
"Rapidinho, desativa o sininho da natacao",lembrete_desligar
pode renomear mercado para mercado do mes?,editar_nome
"Pet, editar nome da devocional para pilates por favor",editar_nome
Pode remarca mercado p quarta por favor,reagendar
me avisa antes de reuniao?,lembrete_ligar
"pet, top ai",saudacao
muda caminhada pro dia dia 25/10!,reagendar
como você funciona aí,ajuda
"pet, tenho aula de inglês dia 25/10 às 6 da manhã!",agendar
tchau ai,saudacao
"ei, agendar compromisso segunda às 6 da manhã título yoga aí",agendar
"Rapidinho, boa tarde",saudacao
Pode renomeia psicóloga pra corrida leve?,editar_nome
pode recorrência de consulta todo mês,repetir
Pode passa estudo pra dia 12!,reagendar
Pode olá,saudacao
"ei, apaga o lembrete de almoço com a mãe aí",lembrete_desligar
ola,saudacao
"pet, quero ser lembrado da muay thai pfv",lembrete_ligar
pode apaga o lembrete de corrida,lembrete_desligar
"pet, faz meditacao se repetir todo dia pfv",repetir
editar descrição do tarefa oração para levar exames!,editar_descricao
anota meditação terça meio-dia,agendar
Muda o titulo da tarefa curso para pilates ai,editar_nome
cancela o lembrete do compromisso consulta?,lembrete_desligar
"ei, deixa reuniao fixa toda segunda ai",repetir
"ei, o que falta fazer hoje",consultar_tarefas
"Pet, tenho almoco com a mae dia 25/10 as 9:30 pfv",agendar
editar nome da tarefa jiu-jitsu para corrida leve,editar_nome
"rapidinho, a nota da academia é levar documento pfv",editar_descricao
Por favor reagendar atividade leitura para sexta aí,reagendar
olá,saudacao
Pode coloca academia pra repetir toda segunda,repetir
quero agendar faculdade dia 25/10 pfv,agendar
"rapidinho, como falo com voce pfv",ajuda
média de sono aí,consultar_sono
"Pet, troca o dia da academia pra depois de amanhã pfv",reagendar
notificação não aparece no iphone aí,ajuda_notificacoes
Recorrência de faculdade todo dia pfv,repetir
"Rapidinho, troca o detalhe da caminhada para pauta trimestral",editar_descricao
recorrência de trabalho toda semana?,repetir
pode me avisa antes de corrida?,lembrete_ligar
bebi agua suficiente? por favor,consultar_agua
"ei, faz yoga se repetir de segunda a sexta",repetir
por favor minha hidratação,consultar_agua
bom dia aí,saudacao
pode falhei quantas vezes essa semana?!,consultar_sequencia
"Pet, minha streak pfv",consultar_sequencia
"rapidinho, o que tem pra amanhã aí",consultar_tarefas
"rapidinho, como baixar o app no celular",ajuda_notificacoes
lista de hoje,consultar_tarefas
pode não precisa me lembrar da caminhada,lembrete_desligar
Pode minhas tarefas,consultar_tarefas
"rapidinho, quais atividades faltam por favor",consultar_tarefas
"pet, muay thai agora é às 6 da manhã",editar_horario
"ei, faculdade agora é às 10",editar_horario
passa psicóloga pra às 18 horas pfv,editar_horario
pode ajuda?,ajuda
Por favor preciso marcar oração domingo às 7h,agendar
"ei, atualiza a descrição de faculdade",editar_descricao
quanta agua eu bebi pfv,consultar_agua
"pet, troca o detalhe da banco para levar exames aí",editar_descricao
por favor editar nota da tarefa academia para levar exames aí,editar_descricao
Altera a observação de faculdade pra capítulo 5 por favor,editar_descricao
"Pet, minhas tarefas",consultar_tarefas
troca o nome da reunião do projeto por corrida leve por favor,editar_nome
como falo com você?,ajuda
Quanto eu dormi?,consultar_sono
muda o nome de natação pra musculação!,editar_nome
"ei, show!",saudacao
troca o detalhe da faculdade para levar exames?,editar_descricao
"pet, desliga a notificação de consulta",lembrete_desligar
me avisa antes de psicóloga!,lembrete_ligar
"pet, qual meu recorde de dias seguidos",consultar_sequencia
"rapidinho, muda o titulo da compromisso oracao para mercado do mes!",editar_nome
"rapidinho, bota o sino na natacao pfv",lembrete_ligar
por favor passa fisioterapia pra meio-dia,editar_horario
"ei, desliga o lembrete de yoga!",lembrete_desligar
por favor corrige o nome dentista pra leitura bíblica!,editar_nome
"Rapidinho, deixa meditação fixa a cada 15 dias pfv",repetir
"pet, corrige o nome massagem pra mercado do mês",editar_nome
passa reuniao pra segunda por favor,reagendar
Repetir tarefa natação todo mês,repetir
pode e aí?,saudacao
por favor o que eu tenho sexta?,consultar_tarefas
"ei, troca o nome da massagem por reuniao semanal",editar_nome
por favor remove o lembrete de yoga aí,lembrete_desligar
Por favor as notificações não chegam aí,ajuda_notificacoes
pode desliga o lembrete de oração aí,lembrete_desligar
"pet, bota o sino na massagem pfv",lembrete_ligar
pode beleza ai,saudacao
"pet, minhas tarefas",consultar_tarefas
valeu?,saudacao
por favor passa almoço com a mãe pra 19:00?,editar_horario
"rapidinho, quero mudar o horário da psicóloga aí",editar_horario
pode mover atividade academia para domingo!,reagendar
pode como ta minha sequencia!,consultar_sequencia
Por favor troca o detalhe da caminhada para levar documento aí,editar_descricao
deixa dentista fixa toda segunda aí,repetir
o que tem pra amanha pfv,consultar_tarefas
atrasa reunião p 20h30 aí,editar_horario
"rapidinho, obrigado",saudacao
por favor tô dormindo pouco? aí,consultar_sono
"ei, inclui muay thai depois de amanha as 9:30",agendar
passa treino de perna pra,editar_horario
oi pet,saudacao
pode quantos dias seguidos eu tenho,consultar_sequencia
pode como instalar o app?,ajuda_notificacoes
quantos copos de agua hoje!,consultar_agua
coloca na descrição de academia: levar documento!,editar_descricao
apaga o lembrete de caminhada,lembrete_desligar
"rapidinho, escreve levar exames na descrição da academia",editar_descricao
"rapidinho, mostra minhas tarefas de semana que vem pfv",consultar_tarefas
escreve levar documento na descrição da psicóloga?,editar_descricao
Joga fisioterapia pra sexta por favor,reagendar
lista de hoje por favor,consultar_tarefas
Por favor top,saudacao
nao sei usar isso pfv,ajuda
Por favor quanto de água devo beber aí,consultar_agua
como habilitar pop up?,ajuda_notificacoes
"pet, minha agenda semana que vem aí",consultar_tarefas
renomear banco para mercado do mes,editar_nome
minha agenda hoje,consultar_tarefas
qual meu recorde de dias seguidos?,consultar_sequencia
troca o dia da caminhada pra hoje aí,reagendar
minha agenda terça,consultar_tarefas
pode horas de sono da semana ai,consultar_sono
help pfv,ajuda
"rapidinho, oi pet por favor",saudacao
"ei, quanto falta de agua hoje por favor",consultar_agua
Oi,saudacao
pode editar descricao do atividade treino de perna para treino de costas ai,editar_descricao
o que eu tenho quinta!,consultar_tarefas
Por favor bota o sino na devocional ai,lembrete_ligar
"rapidinho, editar descricao do atividade curso para capitulo 5",editar_descricao
"rapidinho, tudo bem?",saudacao
"Ei, massa",saudacao
por favor oi pet pfv,saudacao
por favor apaga o lembrete de massagem,lembrete_desligar
pode meta de água?,consultar_agua
"Rapidinho, coloca lembrete em academia",lembrete_ligar
minha consistência?,consultar_sequencia
"ei, tenho treino de perna segunda-feira as 7h?",agendar
"Ei, as notificações não chegam?",ajuda_notificacoes
"rapidinho, como falo com vc aí",ajuda
Me avisa antes de massagem?,lembrete_ligar
troca o nome da tarefa muay thai por leitura bíblica,editar_nome
por favor quantos ml eu tomei ai,consultar_agua
"pet, lista de hoje por favor",consultar_tarefas
renomeia devocional pra musculação,editar_nome
"ei, tô dormindo pouco?",consultar_sono
"rapidinho, minha constância aí",consultar_sequencia
"rapidinho, as notificações não chegam por favor",ajuda_notificacoes
"rapidinho, como falo com você por favor",ajuda
altera a hora de leitura para as 3 da tarde,editar_horario
"rapidinho, altera o título de reunião do projeto pra estudo de python?",editar_nome
por favor renomeia reunião pra mercado do mês,editar_nome
pode média de sono,consultar_sono
ajuda por favor,ajuda
"por favor não vou conseguir devocional hoje, joga pra quarta?",reagendar
pode boa tarde!,saudacao
transfere dentista pra hoje às 9:30 por favor,reagendar
"Ei, preciso marcar academia semana que vem meio-dia",agendar
remove o lembrete de devocional!,lembrete_desligar
pode quero que leitura repita todo sábado!,repetir
pode o nome de curso agora e leitura biblica,editar_nome
as notificações não chegam?,ajuda_notificacoes
dormi bem essa noite?!,consultar_sono
"Ei, escreve pauta trimestral na descrição da mercado?",editar_descricao
"pode natação dias úteis, coloca repetição",repetir
"pet, marca oracao pra sexta 20h30 pfv",agendar
"ei, adia mercado pra dia 25/10",reagendar
por favor como coloco o app na tela inicial pfv,ajuda_notificacoes
tirar lembrete da curso aí,lembrete_desligar
ativa o sininho da curso,lembrete_ligar
"pet, vou ter meditacao semana que vem as 10, marca pra mim",agendar
poe lembrete na treino de perna,lembrete_ligar
o lembrete não tocou pfv,ajuda_notificacoes
tira o sino da natação,lembrete_desligar
muda a descricao de academia pra comprar arroz e feijao por favor,editar_descricao
"ei, bota o sino na trabalho por favor",lembrete_ligar
bebi água suficiente??,consultar_agua
hoje eu fiz leitura!,agendar
"ei, muda o título da atividade psicóloga para treino A",editar_nome
Adianta aula de ingles pra por favor,editar_horario
empurra banco pra hoje aí,reagendar
to quantos dias sem falhar? por favor,consultar_sequencia
"ei, já fiz consulta hoje, registra aí aí",agendar
quero ser lembrado da oracao,lembrete_ligar
"rapidinho, o que voce sabe fazer pfv",ajuda
Pode dormi bem essa noite? por favor,consultar_sono
"Rapidinho, muda a descrição de fisioterapia pra capítulo 5?",editar_descricao
"rapidinho, quanta água eu bebi",consultar_agua
Por favor que horas eu acordei!,consultar_sono
"pet, boa noite pfv",saudacao
"ei, sem lembrete na dentista",lembrete_desligar
por favor como foi meu sono aí,consultar_sono
por favor repetir tarefa mercado a cada 15 dias?,repetir
não precisa me lembrar da consulta!,lembrete_desligar
Por favor quantos ml eu tomei,consultar_agua
quero que trabalho repita a cada 15 dias,repetir
"pet, como habilitar pop up?",ajuda_notificacoes
"ei, o que tem pra amanhã por favor",consultar_tarefas
"pet, troca o dia da academia pra amanhã",reagendar
"Pet, quantos dias em sequência",consultar_sequencia
show pfv,saudacao
o que você sabe fazer pfv,ajuda
"ei, quais atividades faltam",consultar_tarefas
Editar nome da dentista para estudo de python,editar_nome
"pet, remove o lembrete de jiu-jitsu",lembrete_desligar
"Rapidinho, o que eu tenho hoje",consultar_tarefas
joga natação pra quarta,reagendar
pode como foi meu sono!,consultar_sono
por favor o lembrete não tocou?,ajuda_notificacoes
"Ei, dormi bem essa noite? ai",consultar_sono
atrasa reuniao do projeto pra 19:00,editar_horario
Pode obrigado!,saudacao
pode muda o nome de academia p musculação!,editar_nome
pode editar nome da estudo para reunião semanal?,editar_nome
Quais meus compromissos amanhã,consultar_tarefas
"Rapidinho, como baixar o app no celular pfv",ajuda_notificacoes
"ei, como tá minha água aí",consultar_agua
"ei, quais são suas funções?",ajuda
Bebi agua suficiente?,consultar_agua
muda a descricao de caminhada pra comprar arroz e feijao?,editar_descricao
liga o lembrete de reuniao!,lembrete_ligar
"pet, desliga a notificação de massagem",lembrete_desligar
"Pet, o que você sabe fazer",ajuda
"pet, meta de água por favor",consultar_agua
"pet, quais meus compromissos sexta por favor",consultar_tarefas
quais meus compromissos domingo,consultar_tarefas
Coloca aula de inglês pra repetir todo dia,repetir
"Ei, altera a hora de oração para às 18 horas aí",editar_horario
"Pet, empurra banco pra depois de amanhã",reagendar
por favor quero agendar reunião do projeto sexta que vem pfv,agendar
altera o titulo de faculdade p leitura biblica,editar_nome
"ei, mostra minhas tarefas de dia 12",consultar_tarefas
"ei, repete corrida toda semana",repetir
"rapidinho, tô quantos dias sem falhar? pfv",consultar_sequencia
"rapidinho, transfere jiu-jitsu pra sexta as 9:30",reagendar
"pode trabalho a cada 15 dias, coloca repetição!",repetir
pode como foi meu sono aí,consultar_sono
editar nome da compromisso estudo para mercado do mês,editar_nome
"rapidinho, preciso marcar devocional quarta ?",agendar
editar nota da tarefa psicóloga para levar documento!,editar_descricao
por favor o que você sabe fazer aí,ajuda
quanto tempo de sono?,consultar_sono
"rapidinho, troca o nome da tarefa aula de inglês por pilates",editar_nome
por favor tô hidratado? por favor,consultar_agua
"ei, troca o nome da atividade academia por corrida leve",editar_nome
"rapidinho, beleza",saudacao
"ei, quanto eu dormi por favor",consultar_sono
Troca a hora da reunião pra às 10,editar_horario
quero mudar o nome de treino de perna para pilates,editar_nome
"ei, como tá minha semana aí",consultar_tarefas
"ei, me mostra meu sono por favor",consultar_sono
"Rapidinho, troca o detalhe da fisioterapia para treino de costas",editar_descricao
minha constância pfv,consultar_sequencia
Pode atrasa curso pra às 8,editar_horario
"ei, reagendar compromisso devocional para sexta!",reagendar
"rapidinho, muda treino de perna pro dia dia 12 por favor",reagendar
por favor ativa o sininho da banco,lembrete_ligar
"rapidinho, escreve levar documento na descricao da yoga?",editar_descricao
"pet, como baixar o app no celular",ajuda_notificacoes
treino de perna agora é às 18 horas?,editar_horario
"Reunião mudou de horário, coloca pfv",editar_horario
"rapidinho, horas de sono da semana!",consultar_sono
Pode horas de sono da semana,consultar_sono
troca o nome da tarefa estudo por corrida leve aí,editar_nome
"ei, quero que almoco com a mae repita a cada 15 dias por favor",repetir
por favor instalar no android,ajuda_notificacoes
"pet, atualiza a descricao de meditacao",editar_descricao
"rapidinho, adia almoço com a mãe pra sexta pfv",reagendar
"rapidinho, mostra minhas tarefas de domingo",consultar_tarefas
Pode ajuda pfv,ajuda
Pode troca o dia da reunião do projeto pra domingo!,reagendar
"rapidinho, tô hidratado?",consultar_agua
por favor meu sono essa semana aí,consultar_sono
"ei, o que tem pra amanha",consultar_tarefas
atualiza a descricao de leitura por favor,editar_descricao
"ei, quero ser lembrado da trabalho?",lembrete_ligar
e aí,saudacao
pode bom dia?,saudacao
"ei, falhei quantas vezes essa semana?",consultar_sequencia
"rapidinho, como tá minha semana",consultar_tarefas
por favor como ativar notificacao!,ajuda_notificacoes
"pet, inclui reuniao do projeto dia 25/10 as 18 horas ai",agendar
por favor que horas eu acordei pfv,consultar_sono
"ei, quantos copos de água hoje aí",consultar_agua
"rapidinho, como voce funciona?",ajuda
Quanto falta de água hoje!,consultar_agua
por favor o que posso te pedir,ajuda
"Pet, cancela o lembrete do compromisso jiu-jitsu por favor",lembrete_desligar
pode marcar lembrete na tarefa caminhada por favor,lembrete_ligar
"pet, help aí",ajuda
por favor to dormindo pouco?,consultar_sono
"rapidinho, o que você faz por favor",ajuda
empurra meditação pra hoje?,reagendar
quais atividades faltam,consultar_tarefas
"ei, editar nota da tarefa consulta para pauta trimestral",editar_descricao
"Pet, quanta água eu bebi?",consultar_agua
Por favor bebi água suficiente? por favor,consultar_agua
instalar no android por favor,ajuda_notificacoes
troca a hora da academia pra,editar_horario
Muda reunião pro dia domingo,reagendar
"pet, quanto falta de água hoje",consultar_agua
editar nome da tarefa banco para corrida leve!,editar_nome
"pet, como ta minha semana por favor",consultar_tarefas
qual minha sequência,consultar_sequencia
muda o título da compromisso curso para leitura bíblica!,editar_nome
altera a observação de corrida p capítulo 5!,editar_descricao
"Pet, atualiza a descricao de banco ai",editar_descricao
pode tenho algo marcado domingo? pfv,consultar_tarefas
"ei, show pfv",saudacao
"Ei, quanto de água devo beber",consultar_agua
"já fiz trabalho hoje, registra aí pfv",agendar
por favor o que falta fazer hoje pfv,consultar_tarefas
mover compromisso fisioterapia para segunda-feira?,reagendar
por favor renomear faculdade para reuniao semanal!,editar_nome
quais comandos,ajuda
quantos dias em sequência,consultar_sequencia
o nome de dentista agora é estudo de python aí,editar_nome
Obrigada?,saudacao
"pet, quantas horas dormi hoje",consultar_sono
por favor tirar lembrete da tarefa trabalho!,lembrete_desligar
"rapidinho, to quantos dias sem falhar? ai",consultar_sequencia
"Pet, como coloco o app na tela inicial?",ajuda_notificacoes
Por favor para de me avisar da estudo,lembrete_desligar
"rapidinho, almoço com a mãe todo sábado, coloca repetição aí",repetir
Marcar almoço com a mãe hoje,agendar
"rapidinho, me avisa antes de yoga por favor",lembrete_ligar
repetir natacao toda semana?,repetir
por favor apaga o lembrete de consulta!,lembrete_desligar
Faz fisioterapia se repetir todo sábado,repetir
deixa almoco com a mae fixa toda semana,repetir
por favor recorrência de estudo toda semana?,repetir
"rapidinho, para de me avisar da corrida",lembrete_desligar
por favor help,ajuda
media de sono pfv,consultar_sono
Meta de agua?,consultar_agua
"ei, qual minha sequência por favor",consultar_sequencia
troca o detalhe da treino de perna para levar documento,editar_descricao
"rapidinho, editar descrição do tarefa devocional para treino de costas aí",editar_descricao
como coloco o app na tela inicial pfv,ajuda_notificacoes
Pode registrar tarefa jiu-jitsu domingo,agendar
Pode help,ajuda
Bebi água suficiente? pfv,consultar_agua
quanto falta de água hj!,consultar_agua
pode como habilitar pop up por favor,ajuda_notificacoes
quantos dias em sequência!,consultar_sequencia
por favor bota o sino na faculdade?,lembrete_ligar
altera o título de mercado pra estudo de python!,editar_nome
"pet, anota curso quarta",agendar
reagendar atividade banco para semana que vem!,reagendar
editar nome da tarefa reuniao para mercado do mes,editar_nome
valeu por favor,saudacao
o nome de oração agora é mercado do mês,editar_nome
pode média de sono por favor,consultar_sono
Me ajuda por favor,ajuda
"Ei, joga natacao pra dia 12",reagendar
por favor ativa o sininho da academia por favor,lembrete_ligar
por favor as notificacoes nao chegam,ajuda_notificacoes
remarca jiu-jitsu pra sexta aí,reagendar
"Rapidinho, altera a hora de oração para às 10 aí",editar_horario
"ei, já fiz jiu-jitsu hoje, registra aí?",agendar
Por favor o que você faz!,ajuda
pode anota fisioterapia semana que vem ai,agendar
Por favor renomear natação para pilates!,editar_nome
"rapidinho, muda o horário de reunião pra 19:00?",editar_horario
pode bom dia,saudacao
"rapidinho, notificação não aparece no iphone aí",ajuda_notificacoes
Por favor desliga a notificacao de reuniao do projeto,lembrete_desligar
Deixa corrida fixa toda segunda,repetir
"rapidinho, escreve treino de costas na descricao da meditacao?",editar_descricao
"pet, top?",saudacao
coloca na descricao de muay thai: pauta trimestral?,editar_descricao
pode quantas horas dormi hj ai,consultar_sono
Por favor não precisa me lembrar da massagem aí,lembrete_desligar
minhas tarefas,consultar_tarefas
bom dia por favor,saudacao
"pet, deixa natacao fixa todo sabado!",repetir
agendar tarefa corrida quarta às 8 aí,agendar
tô hidratado? pfv,consultar_agua
por favor liga o lembrete de mercado,lembrete_ligar
"ei, o que você sabe fazer pfv",ajuda
"Rapidinho, me mostra meu sono",consultar_sono
"Rapidinho, curso agora é 15h!",editar_horario
pode instalar no android,ajuda_notificacoes
"rapidinho, media de sono!",consultar_sono
a curso e toda semana!,repetir
"ei, quais meus compromissos quarta?",consultar_tarefas
"pet, o que tem p amanhã!",consultar_tarefas
me avisa antes de leitura,lembrete_ligar
"Ei, atrasa meditação pra meio-dia?",editar_horario
"rapidinho, tenho mercado hoje às 8",agendar
"pet, joga mercado pra dia 25/10 por favor",reagendar
dormi bem essa noite?,consultar_sono
"ei, o que tem pra amanhã!",consultar_tarefas
"pet, me ajuda?",ajuda
ate mais?,saudacao
por favor quantas horas dormi hoje?,consultar_sono
Quantos ml eu tomei,consultar_agua
pode o que tem pra amanha,consultar_tarefas
"pet, horas de sono da semana aí",consultar_sono
"Pet, não precisa me lembrar da trabalho",lembrete_desligar
coloca caminhada pra repetir de segunda a sexta,repetir
por favor top por favor,saudacao
ativar lembrete do compromisso dentista,lembrete_ligar
"ei, horas de sono da semana",consultar_sono
meta de agua?,consultar_agua
Por favor atualiza a descrição de fisioterapia!,editar_descricao
por favor quantos ml eu tomei por favor,consultar_agua
Corrige o nome natacao pra corrida leve pfv,editar_nome
"ei, altera a hora de consulta para às 18 horas",editar_horario
pode o aviso não chega no meu celular por favor,ajuda_notificacoes
pode show pfv,saudacao
"rapidinho, quais sao suas funcoes por favor",ajuda
"pet, falhei quantas vezes essa semana? ai",consultar_sequencia
cancela o lembrete do compromisso faculdade,lembrete_desligar
Pode tenho algo marcado quarta??,consultar_tarefas
quais meus compromissos dia 25/10,consultar_tarefas
"ei, mover compromisso psicóloga para quarta",reagendar
Coloca lembrete em aula de inglês!,lembrete_ligar
"pet, deixa trabalho fixa todo sábado pfv",repetir
por favor escreve capítulo 5 na descrição da almoço com a mãe pfv,editar_descricao
"pet, editar repetição do atividade muay thai para a cada 15 dias aí",repetir
"rapidinho, nao sei usar isso",ajuda
"rapidinho, quanta água eu bebi pfv",consultar_agua
"pet, cancela o lembrete do compromisso corrida",lembrete_desligar
Quantos dias em sequência,consultar_sequencia
tô quantos dias sem falhar?,consultar_sequencia
"ei, o que você sabe fazer aí",ajuda
por favor troca o detalhe da corrida para pauta trimestral,editar_descricao
por favor que horas eu acordei?,consultar_sono
pode obrigada,saudacao
reagendar atividade fisioterapia para terça pfv,reagendar
pode o lembrete nao tocou pfv,ajuda_notificacoes
por favor qual minha sequência,consultar_sequencia
passa academia pra às 3 da tarde pfv,editar_horario
"ei, atualiza a descrição de estudo!",editar_descricao
"pet, muda faculdade pro dia semana que vem",reagendar
reagendar compromisso aula de inglês para amanhã,reagendar
"pet, tô hidratado?",consultar_agua
"rapidinho, adicionar lembrete na tarefa faculdade aí",lembrete_ligar
"Rapidinho, quanta água eu bebi por favor",consultar_agua
"rapidinho, passa curso pra sexta pfv",reagendar
Por favor como baixar o app no celular!,ajuda_notificacoes
qual minha sequencia por favor,consultar_sequencia
"pet, tchau pfv",saudacao
Por favor minhas tarefas,consultar_tarefas
o que tem pra amanhã,consultar_tarefas
por favor tenho algo marcado hoje? pfv,consultar_tarefas
por favor registrar tarefa natacao amanha,agendar
"ei, o que falta fazer hoje!",consultar_tarefas
tô hidratado?!,consultar_agua
boa noite ai,saudacao
quero agendar meditação segunda,agendar
"ei, minha hidratacao!",consultar_agua
por favor ativar lembrete do compromisso fisioterapia?,lembrete_ligar
pode editar nota da tarefa mercado para levar exames pfv,editar_descricao
Editar hora do compromisso massagem para 15h aí,editar_horario
Pode mostra minhas tarefas de dia 25/10,consultar_tarefas
"ei, me mostra meu sono pfv",consultar_sono
editar horario do mercado para meio-dia,editar_horario
O aviso nao chega no meu celular pfv,ajuda_notificacoes
"ei, coloca banco pra repetir toda semana!",repetir
"ei, minha constância?",consultar_sequencia
pode mostra minhas tarefas de terca por favor,consultar_tarefas
por favor o que posso te pedir?,ajuda
passa mercado pra as 10 pfv,editar_horario
Joga massagem pra sexta que vem pfv,reagendar
para de me avisar da yoga?,lembrete_desligar
"rapidinho, inclui natacao amanha as 10!",agendar
Pode troca o detalhe da curso para capitulo 5,editar_descricao
"rapidinho, altera o título de fisioterapia p treino A por favor",editar_nome
"pet, qual meu recorde de dias seguidos por favor",consultar_sequencia
O que eu tenho hoje aí,consultar_tarefas
como você funciona,ajuda
"rapidinho, remove o lembrete de faculdade",lembrete_desligar
cria um compromisso de oração quarta às 8,agendar
editar nome da academia para corrida leve,editar_nome
como habilitar pop up,ajuda_notificacoes
como foi meu sono pfv,consultar_sono
"pet, que horas eu acordei!",consultar_sono
"pet, coloca lembrete em trabalho?",lembrete_ligar
"pet, tira o sino da massagem!",lembrete_desligar
que horas fui dormir ontem pfv,consultar_sono
"ei, troca a hora da banco pra as 10",editar_horario
"rapidinho, que horas eu acordei?",consultar_sono
"pet, altera a hora de faculdade para 19:00?",editar_horario
pode top por favor,saudacao
"rapidinho, corrige o nome devocional pra mercado do mes ai",editar_nome
"ei, a nota da faculdade é levar documento!",editar_descricao
"pet, editar repeticao do estudo para toda segunda ai",repetir
"rapidinho, reagendar compromisso oração para quinta pfv",reagendar
as notificações não chegam!,ajuda_notificacoes
corrige o nome banco pra corrida leve por favor,editar_nome
liga a notificacao de almoco com a mae por favor,lembrete_ligar
Quanto tempo de sono!,consultar_sono
mostra minhas tarefas de hoje?,consultar_tarefas
por favor editar hora do compromisso caminhada para às 3 da tarde,editar_horario
por favor bota o sino na caminhada,lembrete_ligar
pode o que você sabe fazer!,ajuda
"rapidinho, cancela o lembrete do compromisso fisioterapia pfv",lembrete_desligar
marcar lembrete na tarefa mercado,lembrete_ligar
"rapidinho, fala pet!",saudacao
Minha agenda segunda!,consultar_tarefas
"ei, mostra minhas tarefas de depois de amanha por favor",consultar_tarefas
"rapidinho, recorrência de yoga toda segunda!",repetir
o que tem p amanhã por favor,consultar_tarefas
Pode registrar tarefa estudo sexta!,agendar
Por favor remarca yoga pra dia 25/10 por favor,reagendar
pode tenho algo marcado segunda?!,consultar_tarefas
"rapidinho, o que voce faz pfv",ajuda
"rapidinho, pode agendar devocional pra dia 12?",agendar
"ei, minha consistência pfv",consultar_sequencia
O que eu tenho hoje,consultar_tarefas
Obrigada aí,saudacao
"ei, desliga a notificação de banco",lembrete_desligar
"rapidinho, atualiza a descrição de massagem por favor",editar_descricao
"rapidinho, nova tarefa devocional dia 12 pfv",agendar
pode renomear massagem para corrida leve ai,editar_nome
"Pet, coloca na descricao de massagem: treino de costas",editar_descricao
por favor remove o lembrete de meditação,lembrete_desligar
Por favor adia reunião do projeto p dia 12!,reagendar
"rapidinho, minha streak!",consultar_sequencia
Yoga agora e as 9:30 pfv,editar_horario
"rapidinho, tchau",saudacao
"pet, como coloco o app na tela inicial aí",ajuda_notificacoes
"pet, para de me avisar da faculdade aí",lembrete_desligar
"Não vou conseguir estudo hoje, joga pra segunda",reagendar
por favor quanto tempo de sono,consultar_sono
pode top!,saudacao
por favor quero mudar o horário da corrida?,editar_horario
por favor tchau,saudacao
"Pet, ativa o sininho da caminhada!",lembrete_ligar
como habilitar pop up!,ajuda_notificacoes
coloca na descrição de banco: capítulo 5,editar_descricao
por favor to quantos dias sem falhar?,consultar_sequencia
"rapidinho, para de me avisar da academia?",lembrete_desligar
bota o sino na corrida,lembrete_ligar
pode o que falta fazer hoje aí,consultar_tarefas
pode quais são suas funções pfv,ajuda
"Rapidinho, remarca reuniao do projeto p sexta?",reagendar
coloca muay thai pra repetir dias úteis aí,repetir
"rapidinho, notificação não aparece no iphone por favor",ajuda_notificacoes
meu sono essa semana,consultar_sono
"ei, falhei quantas vezes essa semana? por favor",consultar_sequencia
como instalar o app por favor,ajuda_notificacoes
coloca na descrição de reunião: levar exames,editar_descricao
média de sono!,consultar_sono
liga a notificação de consulta?,lembrete_ligar
pode minha agenda dia 12 por favor,consultar_tarefas
Atualiza a descrição de aula de inglês,editar_descricao
"pet, como falo com você por favor",ajuda
altera a observação de fisioterapia p capítulo 5!,editar_descricao
repetir tarefa almoço com a mãe toda semana pfv,repetir
"ei, tirar lembrete da caminhada?",lembrete_desligar
registrar compromisso estudo amanhã,agendar
"pet, o que você faz aí",ajuda
"Rapidinho, liga a notificação de jiu-jitsu",lembrete_ligar
"ei, o que voce faz por favor",ajuda
a nota da devocional é treino de costas,editar_descricao
agendar atividade faculdade segunda-feira às 7h,agendar
"ei, minha consistencia?",consultar_sequencia
escreve comprar arroz e feijao na descricao da consulta ai,editar_descricao
pode quais atividades faltam,consultar_tarefas
por favor repetir meditação todo mês,repetir
"Pet, vou ter leitura quarta as 18 horas, marca p mim",agendar
"ei, liga o lembrete de almoco com a mae!",lembrete_ligar
Minha constância,consultar_sequencia
"pet, nova tarefa corrida segunda-feira ai",agendar
quero mudar o nome de natação para leitura bíblica?,editar_nome
"pet, quais atividades faltam pfv",consultar_tarefas
O que eu tenho depois de amanha?,consultar_tarefas
"Rapidinho, o que voce sabe fazer!",ajuda
empurra meditacao pra sabado ai,reagendar
faz yoga se repetir todo dia,repetir
"pet, joga treino de perna pra segunda-feira aí",reagendar
pode adiciona a nota capitulo 5 em estudo,editar_descricao
"pet, marcar oração dia 12 meio-dia?",agendar
Por favor poe lembrete na muay thai,lembrete_ligar
pode me mostra meu sono pfv,consultar_sono
transfere almoco com a mae pra amanha 20h30 por favor,reagendar
cria um compromisso de banco sexta que vem meio-dia por favor,agendar
"ei, quero mudar o nome de curso para musculação",editar_nome
"rapidinho, dormi bem essa noite?",consultar_sono
nao sei usar isso,ajuda
"ei, transfere corrida pra amanhã às 10 por favor",reagendar
pode olá,saudacao
"pet, corrige o nome yoga p estudo de python!",editar_nome
notificacao nao aparece no iphone,ajuda_notificacoes
"rapidinho, troca o nome da tarefa leitura por leitura biblica",editar_nome
marcar lembrete na tarefa leitura,lembrete_ligar
quanta água eu bebi pfv,consultar_agua
por favor quero mudar o nome de corrida para leitura bíblica aí,editar_nome
"ei, instalar no android?",ajuda_notificacoes
como foi meu sono aí,consultar_sono
"Rapidinho, quantos dias em sequência?",consultar_sequencia
"Rapidinho, o que você sabe fazer",ajuda
atrasa jiu-jitsu pra 19:00!,editar_horario
sem lembrete na psicóloga pfv,lembrete_desligar
"ei, troca a hora da curso pra 19:00!",editar_horario
pode top,saudacao
"rapidinho, troca a hora da psicologa pra as 18 horas ai",editar_horario
"rapidinho, e ai pfv",saudacao
"pet, troca o nome da faculdade por reuniao semanal ai",editar_nome
quais atividades faltam aí,consultar_tarefas
Como instalar o app pfv,ajuda_notificacoes
"pet, oi por favor",saudacao
me avisa antes de fisioterapia pfv,lembrete_ligar
"pet, quero mudar o nome de caminhada para pilates?",editar_nome
muda o nome de yoga pra pilates?,editar_nome
Por favor muda o horário de aula de inglês pra meio-dia!,editar_horario
"Pet, boa noite!",saudacao
pode como tá minha água aí,consultar_agua
Muda reunião pro dia quarta pfv,reagendar
"pet, bom dia!",saudacao
"rapidinho, registra que eu fiz trabalho depois de amanhã por favor",agendar
pode transfere muay thai pra dia 25/10 20h30 aí,reagendar
"ei, massa?",saudacao
o que tem pra amanhã!,consultar_tarefas
"rapidinho, troca a hora da leitura pra as 8",editar_horario
"Pet, tenho algo marcado dia 25/10? pfv",consultar_tarefas
"pet, quero que natação repita a cada 15 dias",repetir
bota o sino na dentista!,lembrete_ligar
atrasa jiu-jitsu p as 3 da tarde ai,editar_horario
"rapidinho, anota estudo segunda",agendar
pode valeu,saudacao
quantos copos de agua hoje?,consultar_agua
transfere reuniao do projeto pra hoje as 6 da manha!,reagendar
Quantos dias em sequência?,consultar_sequencia
"pet, o que eu tenho sexta",consultar_tarefas
"pet, quanto eu dormi!",consultar_sono
pode marcar lembrete na tarefa mercado por favor,lembrete_ligar
pode como ta minha semana?,consultar_tarefas
Quanta agua eu bebi por favor,consultar_agua
joga reunião pra segunda,reagendar
quantos dias seguidos eu tenho,consultar_sequencia
"Pet, quais comandos!",ajuda
pode quanto eu dormi?,consultar_sono
minha constância,consultar_sequencia
"rapidinho, registra que eu fiz banco dia 25/10",agendar
Por favor sem lembrete na mercado,lembrete_desligar
pode quero mudar o horário da estudo!,editar_horario
pode agenda treino de perna sexta 20h30 pfv,agendar
nova tarefa curso terça,agendar
"Pet, horas de sono da semana!",consultar_sono
pode editar repetição do tarefa massagem para a cada 15 dias?,repetir
por favor o nome de mercado agora e corrida leve,editar_nome
"Rapidinho, o lembrete não tocou",ajuda_notificacoes
passa banco pra sábado?,reagendar
"ei, notificacao nao aparece no iphone por favor",ajuda_notificacoes
"ei, muda o horario de reuniao pra 20h30!",editar_horario
"Pet, qual meu recorde de dias seguidos",consultar_sequencia
quero mudar o nome de caminhada para leitura bíblica pfv,editar_nome
"rapidinho, quanto tempo de sono!",consultar_sono
por favor quero mudar o horario da corrida ai,editar_horario
renomeia fisioterapia pra mercado do mes por favor,editar_nome
Muda o título da almoço com a mãe para reunião semanal!,editar_nome
"ei, marcar lembrete na tarefa aula de ingles",lembrete_ligar
"ei, altera o título de almoço com a mãe pra musculação por favor",editar_nome
"ei, quais comandos!",ajuda
anota jiu-jitsu depois de amanha as 10?,agendar
pode empurra jiu-jitsu pra amanhã aí,reagendar
"Rapidinho, editar repetição do tarefa reunião para dias úteis?",repetir
Muda o horário de caminhada pra às 9:30,editar_horario
tô dormindo pouco?,consultar_sono
"rapidinho, renomear leitura para leitura bíblica?",editar_nome
troca o detalhe da leitura para capitulo 5 ai,editar_descricao
Por favor como instalar o app,ajuda_notificacoes
"rapidinho, para de me avisar da yoga",lembrete_desligar
Pode registra que eu fiz curso sexta?,agendar
Por favor notificação não aparece no iphone por favor,ajuda_notificacoes
tenho mercado dia 25/10 20h30,agendar
quantos ml eu tomei,consultar_agua
Como tá minha semana,consultar_tarefas
não precisa me lembrar da reunião,lembrete_desligar
por favor quantos dias seguidos eu tenho ai,consultar_sequencia
"pet, bota o sino na fisioterapia?",lembrete_ligar
"rapidinho, desliga a notificacao de reuniao do projeto",lembrete_desligar
Pode notificação não aparece no iphone,ajuda_notificacoes
por favor obrigada,saudacao
beleza,saudacao
como instalar o app?,ajuda_notificacoes
"ei, joga consulta pra segunda!",reagendar
"pet, empurra almoço com a mãe pra dia 25/10",reagendar
não recebo aviso,ajuda_notificacoes
por favor passa leitura pra amanhã?,reagendar
"pet, faz natação se repetir dias úteis!",repetir
"ei, altera a hora de reunião para 15h",editar_horario
por favor faz massagem se repetir todo sábado,repetir
minha consistência!,consultar_sequencia
"pet, o que falta fazer hoje pfv",consultar_tarefas
"rapidinho, como ta minha sequencia?",consultar_sequencia
obrigado aí,saudacao
pode hoje eu fiz almoço com a mãe pfv,agendar
"Rapidinho, faz corrida se repetir dias úteis pfv",repetir
por favor reagenda massagem pra semana que vem,reagendar
"Rapidinho, como voce funciona ai",ajuda
"ei, fala pet!",saudacao
por favor não recebo aviso pfv,ajuda_notificacoes
por favor quanto falta de água hoje pfv,consultar_agua
passa estudo pra semana que vem?,reagendar
por favor a nota da trabalho e pauta trimestral,editar_descricao
caminhada agora e 20h30?,editar_horario
"rapidinho, bota caminhada dia 12 às 8 pfv",agendar
as notificações não chegam pfv,ajuda_notificacoes
"ei, renomeia leitura pra mercado do mes",editar_nome
"pet, tô quantos dias sem falhar?",consultar_sequencia
pode remove o lembrete de banco,lembrete_desligar
"ei, fisioterapia mudou de horário, coloca às 7h",editar_horario
apaga o lembrete de estudo?,lembrete_desligar
"ei, reagenda corrida pra quarta",reagendar
lista de hoje!,consultar_tarefas
Pode natação agora é às 10,editar_horario
"ei, hoje eu fiz curso",agendar
Agendar compromisso sexta que vem as 6 da manha titulo devocional por favor,agendar
Joga mercado pra dia 25/10 aí,reagendar
pode a yoga e todo dia,repetir
pode desliga o lembrete de estudo?,lembrete_desligar
minha streak?,consultar_sequencia
"ei, altera o titulo de natacao pra pilates",editar_nome
"rapidinho, quais meus compromissos sexta que vem!",consultar_tarefas
pode como habilitar pop up?,ajuda_notificacoes
coloca lembrete em almoço com a mãe,lembrete_ligar
tira o sino da jiu-jitsu?,lembrete_desligar
por favor altera o titulo de jiu-jitsu p corrida leve por favor,editar_nome
pode olá aí,saudacao
como tá minha semana,consultar_tarefas
por favor instalar no android aí,ajuda_notificacoes
"rapidinho, que horas eu acordei",consultar_sono
repete aula de inglês todo sábado pfv,repetir
"Ei, reagendar atividade fisioterapia para terca pfv",reagendar
pode altera o título de oração pra musculação aí,editar_nome
quantas horas dormi hoje,consultar_sono
"pet, agendar compromisso dia 12 as 7h titulo mercado?",agendar
por favor editar repeticao do atividade jiu-jitsu para toda segunda!,repetir
a trabalho é toda segunda pfv,repetir
"rapidinho, ja fiz academia hoje, registra ai pfv",agendar
"ei, quanta agua eu bebi",consultar_agua
"ei, quais sao suas funcoes",ajuda
Faz almoço com a mãe se repetir de segunda a sexta!,repetir
muda almoco com a mae pro dia dia 25/10,reagendar
"Ei, reagenda natação pra dia 12",reagendar
"pet, minha consistência por favor",consultar_sequencia
"pet, que horas fui dormir ontem aí",consultar_sono
Editar descrição do atividade dentista para levar documento,editar_descricao
"rapidinho, o que posso te pedir",ajuda
"rapidinho, como instalar o app",ajuda_notificacoes
pode não recebo aviso pfv,ajuda_notificacoes
altera a hora de devocional para as 8 ai,editar_horario
"Ei, o aviso não chega no meu celular",ajuda_notificacoes
"Ei, renomear reunião do projeto para estudo de python aí",editar_nome
"Pet, minha hidratacao ai",consultar_agua
por favor como falo com voce ai,ajuda
"rapidinho, quantos copos de água hoje",consultar_agua
"pet, até mais por favor",saudacao
"Pet, como baixar o app no celular",ajuda_notificacoes
quero ser lembrado da estudo pfv,lembrete_ligar
mostra minhas tarefas de quarta!,consultar_tarefas
por favor fala pet aí,saudacao
atualiza a descrição de banco?,editar_descricao
Como habilitar pop up pfv,ajuda_notificacoes
"ei, tenho algo marcado hoje? por favor",consultar_tarefas
pode natação agora é às 7h?,editar_horario
"pet, o que posso te pedir",ajuda
"pet, a oração é a cada 15 dias",repetir
"rapidinho, notificação não aparece no iphone?",ajuda_notificacoes
por favor e ai,saudacao
"ei, como você funciona pfv",ajuda
pode como baixar o app no celular!,ajuda_notificacoes
obrigado,saudacao
"ei, ativar lembrete do compromisso faculdade pfv",lembrete_ligar
"ei, minha streak",consultar_sequencia
"pet, boa noite!",saudacao
como ta minha semana por favor,consultar_tarefas
Pode meu sono essa semana aí,consultar_sono
tirar lembrete da tarefa banco,lembrete_desligar
pode tirar lembrete da compromisso leitura pfv,lembrete_desligar
que horas eu acordei pfv,consultar_sono
por favor quero agendar leitura segunda-feira,agendar
"rapidinho, como foi meu sono!",consultar_sono
O aviso nao chega no meu celular!,ajuda_notificacoes
como falo com voce,ajuda
"ei, registra que eu fiz oração dia 12 por favor",agendar
bebi água suficiente? pfv,consultar_agua
"pet, adia oracao pra domingo",reagendar
"ei, altera o título de estudo pra corrida leve!",editar_nome
editar hora do compromisso meditação para 19:00,editar_horario
o nome de academia agora é leitura bíblica?,editar_nome
almoço com a mãe agora é meio-dia aí,editar_horario
"Rapidinho, joga curso pra segunda",reagendar
"pet, quero que oração repita de segunda a sexta pfv",repetir
Quero ser lembrado da caminhada!,lembrete_ligar
pode quais comandos ai,ajuda
"pet, minha hidratacao?",consultar_agua
"ei, tô quantos dias sem falhar?!",consultar_sequencia
"treino de perna mudou de horário, coloca 15h!",editar_horario
por favor muda a descrição de fisioterapia pra levar exames?,editar_descricao
pode me ajuda aí,ajuda
editar nota da tarefa jiu-jitsu para levar exames?,editar_descricao
"Pet, passa meditação p meio-dia",editar_horario
por favor repetir compromisso aula de inglês dias úteis?,repetir
"Ei, coloca lembrete em aula de inglês por favor",lembrete_ligar
muda a descrição de leitura pra levar exames por favor,editar_descricao
troca o dia da fisioterapia pra quarta?,reagendar
"pet, faz leitura se repetir todo sabado por favor",repetir
pode o que falta fazer hoje,consultar_tarefas
"pet, tira o sino da faculdade pfv",lembrete_desligar
"pet, coloca massagem na agenda quarta as 6 da manha por favor",agendar
"Ei, altera a observação de devocional p levar documento!",editar_descricao
"Ei, quantos dias seguidos eu tenho por favor",consultar_sequencia
"pode vou ter meditação dia 12 às 7h, marca p mim!",agendar
"Pode nao vou conseguir oracao hoje, joga pra segunda",reagendar
Adianta jiu-jitsu pra às 8,editar_horario
o que eu tenho amanha,consultar_tarefas
me lembra de mercado hoje às 18 horas,agendar
para de me avisar da muay thai,lembrete_desligar
por favor adianta caminhada pra 19:00?,editar_horario
recorrência de reunião a cada 15 dias,repetir
Passa academia pra amanhã pfv,reagendar
"pet, não precisa me lembrar da leitura",lembrete_desligar
o lembrete não tocou,ajuda_notificacoes
por favor quero que estudo repita todo sabado!,repetir
"pet, agendar compromisso sexta que vem título trabalho!",agendar
quanta água eu bebi,consultar_agua
editar descricao do atividade almoco com a mae para treino de costas pfv,editar_descricao
Pode adiciona a nota comprar arroz e feijao em jiu-jitsu,editar_descricao
"rapidinho, tchau por favor",saudacao
pode adicionar lembrete na tarefa estudo!,lembrete_ligar
Boa tarde?,saudacao
para de me avisar da caminhada?,lembrete_desligar
"pet, me mostra meu sono",consultar_sono
por favor tira o sino da fisioterapia,lembrete_desligar
top,saudacao
"Rapidinho, corrige o nome natação pra pilates",editar_nome
pode massa pfv,saudacao
pode me avisa antes de banco,lembrete_ligar
"rapidinho, atualiza a descricao de devocional!",editar_descricao
sem lembrete na oração por favor,lembrete_desligar
"pet, põe lembrete na almoço com a mãe?",lembrete_ligar
"pet, me ensina a usar?",ajuda
"Pet, consulta todo sábado, coloca repetição",repetir
Pode muda o titulo da compromisso faculdade para musculacao,editar_nome
empurra trabalho pra segunda,reagendar
"pet, ativa o sininho da faculdade!",lembrete_ligar
Tenho algo marcado dia 25/10?,consultar_tarefas
"rapidinho, o que eu tenho segunda-feira pfv",consultar_tarefas
"rapidinho, o que você faz?",ajuda
"ei, a aula de ingles e todo sabado!",repetir
não precisa me lembrar da meditação pfv,lembrete_desligar
pode renomear oracao para mercado do mes,editar_nome
qual minha sequência por favor,consultar_sequencia
pode nova tarefa reunião sábado,agendar
Nao recebo aviso pfv,ajuda_notificacoes
"pet, liga o lembrete de meditacao",lembrete_ligar
remove o lembrete de trabalho ai,lembrete_desligar
troca a hora da natação p às 6 da manhã,editar_horario
que horas fui dormir ontem por favor,consultar_sono
"ei, desliga o lembrete de leitura!",lembrete_desligar
altera a observacao de jiu-jitsu pra pauta trimestral pfv,editar_descricao
"rapidinho, a nota da psicóloga é treino de costas",editar_descricao
"ei, coloca trabalho pra repetir todo sábado",repetir
Pode tô quantos dias sem falhar? por favor,consultar_sequencia
"ei, ativar lembrete do compromisso dentista",lembrete_ligar
"pet, beleza",saudacao
falhei quantas vezes essa semana? por favor,consultar_sequencia
"rapidinho, top pfv",saudacao
beleza por favor,saudacao
"pet, editar nota da tarefa corrida para levar documento aí",editar_descricao
agendar compromisso curso quarta às 3 da tarde pfv,agendar
muda o nome de banco pra leitura bíblica!,editar_nome
pode como voce funciona ai,ajuda
"Rapidinho, dormi bem essa noite? pfv",consultar_sono
pode joga leitura pra segunda-feira,reagendar
"pet, to dormindo pouco? pfv",consultar_sono
"rapidinho, quantas horas dormi hoje!",consultar_sono
pode muda a descricao de yoga pra comprar arroz e feijao,editar_descricao
pode como baixar o app no celular,ajuda_notificacoes
"rapidinho, bom dia pfv",saudacao
"rapidinho, tchau pfv",saudacao
help?,ajuda
pode faz meditacao se repetir todo sabado por favor,repetir
"ei, agendar compromisso hoje as 9:30 titulo mercado?",agendar
não recebo aviso!,ajuda_notificacoes
"rapidinho, recorrência de curso dias úteis?",repetir
o que tem pra amanhã por favor,consultar_tarefas
por favor mostra minhas tarefas de segunda-feira aí,consultar_tarefas
cancela o lembrete do compromisso curso?,lembrete_desligar
Renomear mercado para reuniao semanal,editar_nome
muda a descrição de academia pra comprar arroz e feijão?,editar_descricao
Meu sono essa semana!,consultar_sono
Tô hidratado? por favor,consultar_agua
Boa tarde,saudacao
"pet, empurra meditação pra dia 25/10!",reagendar
pode cancela o lembrete do compromisso treino de perna!,lembrete_desligar
"ei, como baixar o app no celular!",ajuda_notificacoes
pode horas de sono da semana,consultar_sono
não vibra quando chega aviso pfv,ajuda_notificacoes
Horas de sono da semana por favor,consultar_sono
"rapidinho, como habilitar pop up",ajuda_notificacoes
"rapidinho, quanta água eu bebi por favor",consultar_agua
pode coloca lembrete em reuniao,lembrete_ligar
"pet, o que falta fazer hoje",consultar_tarefas
"rapidinho, escreve treino de costas na descricao da dentista pfv",editar_descricao
ativar lembrete do compromisso reunião do projeto,lembrete_ligar
troca o nome da atividade curso por estudo de python por favor,editar_nome
"pet, quanto falta de agua hoje",consultar_agua
"pet, poe lembrete na psicologa!",lembrete_ligar
Como habilitar pop up,ajuda_notificacoes
"pet, quantos dias em sequência?",consultar_sequencia
por favor olá,saudacao
"pet, como vc funciona",ajuda
pode beleza!,saudacao
"ei, beleza",saudacao
pode opa pfv,saudacao
"ei, o que eu tenho semana que vem aí",consultar_tarefas
"ei, tenho academia dia 12 20h30 por favor",agendar
"Pet, o que você faz pfv",ajuda
por favor quais comandos por favor,ajuda
Meta de agua!,consultar_agua
"Pet, preciso marcar trabalho quinta as 7h pfv",agendar
Ativa o sininho da muay thai,lembrete_ligar
pode quantas horas dormi hoje,consultar_sono
liga a notificação de oração?,lembrete_ligar
massa ai,saudacao
pode editar repeticao do atividade faculdade para dias uteis por favor,repetir
o lembrete não tocou por favor,ajuda_notificacoes
coloca academia pra repetir toda segunda,repetir
"ei, adiciona a nota levar documento em academia",editar_descricao
por favor adicionar lembrete na atividade treino de perna!,lembrete_ligar
"pet, apaga o lembrete de devocional",lembrete_desligar
"pet, editar descrição do compromisso academia para comprar arroz e feijão",editar_descricao
quantos dias em sequencia,consultar_sequencia
"pet, não sei usar isso",ajuda
"ei, tchau por favor",saudacao
"pet, editar horário do tarefa natação para às 9:30!",editar_horario
"rapidinho, ativa o sininho da dentista",lembrete_ligar
"pet, dormi bem essa noite? por favor",consultar_sono
troca o dia da jiu-jitsu p terca?,reagendar
opa pfv,saudacao
Pode quero mudar o horário da reunião por favor,editar_horario
"rapidinho, mostra minhas tarefas de amanha!",consultar_tarefas
"por favor treino de perna mudou de horario, coloca as 3 da tarde",editar_horario
por favor troca o dia da treino de perna pra segunda?,reagendar
pode que horas fui dormir ontem!,consultar_sono
"rapidinho, reagenda muay thai p hj aí",reagendar
Boa tarde pfv,saudacao
"rapidinho, me avisa antes de reuniao",lembrete_ligar
"rapidinho, o nome de trabalho agora e treino A ai",editar_nome
Pode tô quantos dias sem falhar?,consultar_sequencia
agendar compromisso sexta às 7h título caminhada por favor,agendar
"Rapidinho, renomeia mercado pra treino a",editar_nome
quanta água eu bebi por favor,consultar_agua
pode agendar mercado pra quinta?,agendar
"ei, registra que eu fiz muay thai dia 25/10",agendar
quanto de água devo beber aí,consultar_agua
Ajuda pfv,ajuda
pode apaga o lembrete de leitura por favor,lembrete_desligar
como tá minha semana!,consultar_tarefas
Desliga o lembrete de curso,lembrete_desligar
Tudo bem?,saudacao
muda o horário de fisioterapia pra ?,editar_horario
"rapidinho, quantos ml eu tomei",consultar_agua
me mostra meu sono?,consultar_sono
"pet, tô dormindo pouco?",consultar_sono
"rapidinho, tô quantos dias sem falhar?",consultar_sequencia
"pet, reagendar atividade consulta para sabado",reagendar
"Rapidinho, qual minha sequência",consultar_sequencia
"pet, editar nota da tarefa estudo para treino de costas pfv",editar_descricao
"Pet, remarca psicóloga pra quinta aí",reagendar
joga muay thai p dia 25/10 aí,reagendar
a mercado e todo mes!,repetir
Por favor editar repetição do tarefa faculdade para de segunda a sexta?,repetir
passa oração pra meio-dia,editar_horario
por favor o que voce faz,ajuda
pode adiciona a nota treino de costas em meditação!,editar_descricao
"Rapidinho, minha streak pfv",consultar_sequencia
nao vibra quando chega aviso por favor,ajuda_notificacoes
"rapidinho, deixa trabalho fixa dias uteis",repetir
altera a observação de massagem pra comprar arroz e feijão?,editar_descricao
Por favor show,saudacao
por favor opa ai,saudacao
"rapidinho, quero mudar o horario da trabalho!",editar_horario
bota o sino na massagem pfv,lembrete_ligar
por favor me mostra meu sono aí,consultar_sono
"ei, a aula de inglês é todo sábado por favor",repetir
"pet, muay thai mudou de horario, coloca 19:00",editar_horario
por favor altera a observação de academia pra levar exames?,editar_descricao
o que eu tenho hoje ai,consultar_tarefas
oi pfv,saudacao
Muda a descrição de dentista pra levar exames,editar_descricao
Pode marcar lembrete na tarefa aula de inglês aí,lembrete_ligar
coloca curso pra repetir toda semana,repetir
muda fisioterapia pro dia semana que vem pfv,reagendar
Pode troca o dia da dentista pra amanhã?,reagendar
pode as notificações não chegam aí,ajuda_notificacoes
renomear yoga para reunião semanal!,editar_nome
Por favor treino de perna agora é às 6 da manhã,editar_horario
"ei, e aí pfv",saudacao
Desliga a notificação de natação,lembrete_desligar
oi pet pfv,saudacao
"rapidinho, troca o detalhe da massagem para treino de costas",editar_descricao
por favor me ajuda por favor,ajuda
adia natacao pra dia 25/10,reagendar
quais atividades faltam por favor,consultar_tarefas
"trabalho mudou de horário, coloca",editar_horario
Coloca psicóloga na agenda depois de amanhã às 3 da tarde por favor,agendar
"ei, qual meu recorde de dias seguidos?",consultar_sequencia
Por favor altera o título de massagem pra corrida leve pfv,editar_nome
"pet, o que você faz pfv",ajuda
"ei, como tá minha sequência?",consultar_sequencia
quantos ml eu tomei!,consultar_agua
faz academia se repetir dias úteis!,repetir
"ei, notificacao nao aparece no iphone?",ajuda_notificacoes
"pet, quantos copos de água hoje",consultar_agua
Pode editar nota da tarefa dentista para levar documento,editar_descricao
quantos dias seguidos eu tenho por favor,consultar_sequencia
"rapidinho, cancela o lembrete do compromisso treino de perna",lembrete_desligar
por favor meu sono essa semana,consultar_sono
"Ei, não sei usar isso por favor",ajuda
deixa aula de ingles fixa toda semana pfv,repetir
minha streak,consultar_sequencia
altera o título de academia p musculação,editar_nome
o que eu tenho dia 25/10,consultar_tarefas
"ei, adicionar lembrete na tarefa faculdade?",lembrete_ligar
"ei, desliga o lembrete de natação pfv",lembrete_desligar
por favor muda a descricao de leitura pra levar documento!,editar_descricao
quero mudar o horario da treino de perna?,editar_horario
por favor poe lembrete na estudo?,lembrete_ligar
"ei, meu sono essa semana por favor",consultar_sono
Pode quero ser lembrado da devocional por favor,lembrete_ligar
"já fiz caminhada hoje, registra aí",agendar
pode que horas fui dormir ontem pfv,consultar_sono
como voce funciona!,ajuda
Quero ser lembrado da caminhada,lembrete_ligar
por favor remove o lembrete de corrida,lembrete_desligar
"ei, que horas fui dormir ontem!",consultar_sono
falhei quantas vezes essa semana?!,consultar_sequencia
o que vc faz pfv,ajuda
"pet, adicionar lembrete na compromisso massagem",lembrete_ligar
Marcar lembrete na tarefa mercado!,lembrete_ligar
adiciona almoco com a mae amanha as 10 por favor,agendar
"Rapidinho, reagendar tarefa psicologa para quinta",reagendar
"ei, quanto falta de agua hoje ai",consultar_agua
"rapidinho, quantos dias seguidos eu tenho?",consultar_sequencia
"ei, bom dia!",saudacao
por favor tô dormindo pouco?,consultar_sono
por favor quanto eu dormi!,consultar_sono
"Ei, o nome de psicóloga agora é pilates",editar_nome
"pet, como baixar o app no celular?",ajuda_notificacoes
"Rapidinho, lista de hoje!",consultar_tarefas
"ei, coloca lembrete em mercado!",lembrete_ligar
"ei, me ajuda",ajuda
"ei, repete yoga todo mês",repetir
por favor reagenda fisioterapia p amanhã?,reagendar
por favor nao recebo aviso,ajuda_notificacoes
pode lista de hoje,consultar_tarefas
altera o título de yoga pra musculação,editar_nome
"Pet, muda o horário de treino de perna pra 15h por favor",editar_horario
Editar nota da tarefa banco para pauta trimestral,editar_descricao
"ei, adiciona faculdade hoje às 6 da manhã",agendar
por favor mover curso para sexta que vem?,reagendar
"rapidinho, como foi meu sono",consultar_sono
"Ei, muda o nome de trabalho pra mercado do mês?",editar_nome
boa tarde pfv,saudacao
"rapidinho, top!",saudacao
por favor muda o horario de jiu-jitsu pra as 9:30,editar_horario
pode para de me avisar da aula de inglês aí,lembrete_desligar
pode que horas fui dormir ontem?,consultar_sono
mostra minhas tarefas de sexta,consultar_tarefas
como falo com você aí,ajuda
por favor quero que reunião do projeto repita todo sábado!,repetir
"rapidinho, coloca meditação pra repetir toda semana",repetir
por favor liga o lembrete de natação!,lembrete_ligar
Me ensina a usar aí,ajuda
por favor quero mudar o horário da mercado por favor,editar_horario
marca almoco com a mae pra semana que vem as 3 da tarde,agendar
"ei, a academia é de segunda a sexta aí",repetir
Por favor média de sono aí,consultar_sono
pode troca a hora da consulta p as 8?,editar_horario
"Pode reunião todo sábado, coloca repetição pfv",repetir
por favor sem lembrete na estudo por favor,lembrete_desligar
"ei, o que eu tenho hoje!",consultar_tarefas
"ei, minha consistencia por favor",consultar_sequencia
coloca na descrição de faculdade: capítulo 5,editar_descricao
"pet, meta de água",consultar_agua
"rapidinho, recorrência de devocional toda semana aí",repetir
me ensina a usar,ajuda
Como ativar notificacao pfv,ajuda_notificacoes
por favor apaga o lembrete de faculdade!,lembrete_desligar
Obrigado por favor,saudacao
pode repetir atividade dentista todo mes por favor,repetir
"ei, quanto eu dormi",consultar_sono
pode o que posso te pedir por favor,ajuda
pode me avisa antes de muay thai,lembrete_ligar
Meu sono essa semana,consultar_sono
"Ei, top pfv",saudacao
Qual meu recorde de dias seguidos!,consultar_sequencia
"pet, passa oração p meio-dia por favor",editar_horario
Pode adia massagem p amanha,reagendar
"ei, pode agendar aula de inglês pra sábado? aí",agendar
pode altera a observacao de muay thai pra capitulo 5 pfv,editar_descricao
"pet, o que tem pra amanhã!",consultar_tarefas
Adianta jiu-jitsu pra às 7h,editar_horario
Como ativar notificação pfv,ajuda_notificacoes
repete corrida de segunda a sexta,repetir
massa?,saudacao
"psicologa mudou de horario, coloca as 7h?",editar_horario
"rapidinho, me ensina a usar por favor",ajuda
"rapidinho, media de sono?",consultar_sono
Pode o lembrete não tocou,ajuda_notificacoes
o aviso não chega no meu celular,ajuda_notificacoes
pode muda reunião pro dia quinta!,reagendar
corrige o nome caminhada p leitura bíblica por favor,editar_nome
"rapidinho, muda o nome de curso pra leitura biblica",editar_nome
que horas fui dormir ontem,consultar_sono
Pode como coloco o app na tela inicial?,ajuda_notificacoes
"rapidinho, altera a observação de treino de perna p levar documento pfv",editar_descricao
"ei, o que falta fazer hoje aí",consultar_tarefas
Opa por favor,saudacao
"Ei, quantos dias seguidos eu tenho?",consultar_sequencia
pode remarca oracao pra amanha,reagendar
por favor coloca na descricao de academia: capitulo 5 ai,editar_descricao
remarca corrida pra semana que vem pfv,reagendar
"Ei, dormi bem essa noite? aí",consultar_sono
me mostra meu sono por favor,consultar_sono
agendar consulta sexta que vem as 3 da tarde!,agendar
remove o lembrete de trabalho aí,lembrete_desligar
pode tudo bem? por favor,saudacao
"pet, meu sono essa semana",consultar_sono
Por favor como instalar o app por favor,ajuda_notificacoes
"ei, liga a notificacao de leitura",lembrete_ligar
Por favor sem lembrete na curso?,lembrete_desligar
o nome de dentista agora é leitura bíblica,editar_nome
por favor media de sono,consultar_sono
quanto eu dormi,consultar_sono
boa tarde,saudacao
por favor empurra devocional pra depois de amanhã?,reagendar
como falo com você,ajuda
como foi meu sono por favor,consultar_sono
me ajuda?,ajuda
por favor cancela o lembrete do compromisso curso aí,lembrete_desligar
"pet, faz muay thai se repetir todo sábado aí",repetir
"ei, altera o título de academia pra leitura bíblica",editar_nome
"pet, coloca lembrete em yoga aí",lembrete_ligar
por favor quanta água eu bebi,consultar_agua
"rapidinho, liga a notificacao de psicologa!",lembrete_ligar
"ei, atualiza a descricao de curso!",editar_descricao
agenda meditação amanhã às 9:30 aí,agendar
Dormi bem essa noite?,consultar_sono
por favor não recebo aviso aí,ajuda_notificacoes
desliga a notificação de fisioterapia,lembrete_desligar
"ei, meu sono essa semana",consultar_sono
"pet, não vou conseguir dentista hoje, joga pra sexta que vem",reagendar
pode muda o título da atividade treino de perna para leitura bíblica,editar_nome
Muda o titulo da atividade almoco com a mae para treino a pfv,editar_nome
qual meu recorde de dias seguidos!,consultar_sequencia
Pode horas de sono da semana aí,consultar_sono
"Pet, ativar lembrete do compromisso reunião do projeto",lembrete_ligar
pode muda caminhada pro dia dia 12?,reagendar
muda a descrição de oração pra treino de costas,editar_descricao
"rapidinho, desliga a notificação de yoga pfv",lembrete_desligar
pode altera a hora de reunião para às 18 horas,editar_horario
pode desativa o sininho da academia!,lembrete_desligar
"rapidinho, remove o lembrete de yoga por favor",lembrete_desligar
"rapidinho, o aviso não chega no meu celular!",ajuda_notificacoes
"Pet, quanto tempo de sono",consultar_sono
pode corrige o nome mercado pra leitura bíblica,editar_nome
"rapidinho, o que falta fazer hoje aí",consultar_tarefas
"ei, boa noite?",saudacao
por favor qual minha sequência?,consultar_sequencia
Como coloco o app na tela inicial por favor,ajuda_notificacoes
"ei, consulta agora é meio-dia pfv",editar_horario
muay thai agora é às 6 da manhã pfv,editar_horario
"ei, a nota da jiu-jitsu e levar documento?",editar_descricao
"Vou ter meditação depois de amanhã às 18 horas, marca pra mim por favor",agendar
pode ativa o sininho da treino de perna aí,lembrete_ligar
"pet, como ta minha sequencia pfv",consultar_sequencia
"pet, caminhada agora é às 6 da manhã pfv",editar_horario
massa pfv,saudacao
pode o que voce sabe fazer,ajuda
pode to hidratado?,consultar_agua
média de sono,consultar_sono
quero mudar o nome de yoga para corrida leve,editar_nome
troca o detalhe da yoga para treino de costas?,editar_descricao
faz faculdade se repetir toda segunda pfv,repetir
que horas fui dormir ontem!,consultar_sono
tira o sino da corrida!,lembrete_desligar
Pode hoje eu fiz psicóloga,agendar
"rapidinho, massa",saudacao
Quantos dias em sequencia por favor,consultar_sequencia
"rapidinho, quanto tempo de sono aí",consultar_sono
tchau por favor,saudacao
Não vibra quando chega aviso aí,ajuda_notificacoes
Para de me avisar da mercado,lembrete_desligar
"Rapidinho, falhei quantas vezes essa semana?",consultar_sequencia
"rapidinho, troca a hora da dentista pra 20h30",editar_horario
meta de água!,consultar_agua
troca a hora da aula de inglês p às 18 horas?,editar_horario
"ei, vou ter devocional semana que vem 15h, marca pra mim",agendar
"ei, altera o título de curso pra estudo de python",editar_nome
"pet, troca a hora da academia pra 20h30 aí",editar_horario
por favor minha agenda segunda pfv,consultar_tarefas
como baixar o app no celular,ajuda_notificacoes
"pet, boa tarde!",saudacao
editar hora do compromisso caminhada para !,editar_horario
e ai,saudacao
por favor como foi meu sono por favor,consultar_sono
"ei, sem lembrete na almoco com a mae!",lembrete_desligar
por favor passa fisioterapia pra as 3 da tarde ai,editar_horario
"pet, como tá minha água",consultar_agua
"Pet, quantos ml eu tomei",consultar_agua
por favor troca o nome da tarefa psicóloga por musculação!,editar_nome
"rapidinho, liga o lembrete de caminhada por favor",lembrete_ligar
quanto falta de agua hoje,consultar_agua
pode remove o lembrete de devocional,lembrete_desligar
como ativar notificacao,ajuda_notificacoes
mostra minhas tarefas de amanhã,consultar_tarefas
Editar hora do compromisso aula de inglês para,editar_horario
Pode bota o sino na mercado aí,lembrete_ligar
"rapidinho, média de sono pfv",consultar_sono
passa yoga pra sabado,reagendar
"rapidinho, desliga a notificação de psicóloga",lembrete_desligar
"Pet, ajuda",ajuda
por favor como ativar notificação por favor,ajuda_notificacoes
O que tem pra amanha,consultar_tarefas
por favor estudo agora é às 10?,editar_horario
"rapidinho, troca a hora da reunião pra 19:00!",editar_horario
me avisa antes de reunião,lembrete_ligar
"ei, desliga a notificação de dentista aí",lembrete_desligar
por favor quero mudar o nome de massagem para treino A?,editar_nome
"ei, muda o horario de devocional pra",editar_horario
pode adianta caminhada pra às 10 pfv,editar_horario
pode quero que aula de inglês repita dias úteis,repetir
ativa o sininho da academia,lembrete_ligar
qual minha sequencia,consultar_sequencia
"ei, como ta minha sequencia",consultar_sequencia
help!,ajuda
pode altera a hora de caminhada para 15h,editar_horario
quanto de agua devo beber,consultar_agua
pode tenho algo marcado dia 25/10?,consultar_tarefas
"pet, empurra treino de perna pra amanha",reagendar
o que tem pra amanha!,consultar_tarefas
"Rapidinho, qual minha sequencia ai",consultar_sequencia
tudo bem? pfv,saudacao
"ei, bota banco quinta as 8",agendar
Pode o que você faz,ajuda
"ei, deixa dentista fixa toda segunda por favor",repetir
Pode dormi bem essa noite? ai,consultar_sono
por favor qual meu recorde de dias seguidos,consultar_sequencia
apaga o lembrete de oração,lembrete_desligar
passa faculdade pra as 18 horas?,editar_horario
"Rapidinho, editar repetição do compromisso dentista para todo dia aí",repetir
por favor o que voce faz!,ajuda
empurra consulta pra semana que vem,reagendar
como ta minha semana!,consultar_tarefas
pode altera o título de consulta pra pilates,editar_nome
"pode nao vou conseguir curso hoje, joga pra dia 25/10?",reagendar
O que posso te pedir por favor,ajuda
"rapidinho, o que falta fazer hoje",consultar_tarefas
"Pet, me avisa antes de curso",lembrete_ligar
"rapidinho, liga a notificação de oração?",lembrete_ligar
"ei, editar descrição do tarefa estudo para pauta trimestral?",editar_descricao
"rapidinho, renomeia fisioterapia pra mercado do mes",editar_nome
"ei, quantas horas dormi hoje",consultar_sono
"rapidinho, renomear academia para corrida leve?",editar_nome
empurra estudo pra terça!,reagendar
pode o que eu tenho domingo pfv,consultar_tarefas
me avisa antes de oração,lembrete_ligar
como baixar o app no celular por favor,ajuda_notificacoes
adia reuniao do projeto pra sexta,reagendar
"rapidinho, psicóloga agora é às 6 da manhã por favor",editar_horario
"rapidinho, reagendar tarefa reuniao do projeto para dia 25/10 ai",reagendar
"ei, quantos dias seguidos eu tenho?",consultar_sequencia
marcar faculdade terca as 8,agendar
por favor qual meu recorde de dias seguidos?,consultar_sequencia
"rapidinho, minha streak por favor",consultar_sequencia
altera a observação de trabalho pra levar exames,editar_descricao
pode bebi agua suficiente? ai,consultar_agua
"rapidinho, minha streak aí",consultar_sequencia
pode minha streak por favor,consultar_sequencia
por favor me ensina a usar por favor,ajuda
"ei, registrar estudo segunda?",agendar
por favor minha consistência por favor,consultar_sequencia
Quantos dias em sequência!,consultar_sequencia
"ei, minha agenda terça",consultar_tarefas
Registra que eu fiz treino de perna sábado,agendar
quais são suas funções pfv,ajuda
quero mudar o horario da trabalho,editar_horario
"pet, põe lembrete na muay thai",lembrete_ligar
por favor adia academia pra sexta,reagendar
"Rapidinho, passa trabalho pra as 6 da manha ai",editar_horario
o que posso te pedir!,ajuda
altera a observação de aula de inglês pra treino de costas pfv,editar_descricao
pode como foi meu sono pfv,consultar_sono
troca o dia da banco p segunda-feira,reagendar
"pet, como tá minha sequência",consultar_sequencia
"Rapidinho, o que você faz!",ajuda
pode editar nome da mercado para mercado do mês?,editar_nome
por favor editar horário do atividade consulta para 20h30?,editar_horario
"rapidinho, opa por favor",saudacao
"rapidinho, altera a hora de psicologa para 20h30",editar_horario
"rapidinho, a consulta e todo dia",repetir
Me avisa antes de jiu-jitsu?,lembrete_ligar
altera a hora de trabalho para às 6 da manhã por favor,editar_horario
"pet, ativar lembrete do compromisso academia!",lembrete_ligar
"curso mudou de horário, coloca às 10?",editar_horario
quais atividades faltam!,consultar_tarefas
"rapidinho, renomeia mercado pra mercado do mês aí",editar_nome
pode qual meu recorde de dias seguidos?,consultar_sequencia
por favor corrige o nome leitura pra corrida leve ai,editar_nome
por favor to quantos dias sem falhar??,consultar_sequencia
adia massagem pra dia 12?,reagendar
Como habilitar pop up?,ajuda_notificacoes
"ei, mercado agora é 20h30",editar_horario
me lembra de leitura segunda-feira as 18 horas,agendar
"ei, quantos copos de água hoje?",consultar_agua
tô hidratado??,consultar_agua
Me lembra de academia segunda 15h por favor,agendar
mover compromisso reunião do projeto para terça aí,reagendar
"ei, faz estudo se repetir toda semana por favor",repetir
Por favor remove o lembrete de estudo,lembrete_desligar
"ei, sem lembrete na estudo",lembrete_desligar
pode lista de hoje ai,consultar_tarefas
por favor beleza pfv,saudacao
pode ativar lembrete do compromisso caminhada ai,lembrete_ligar
"ei, muda o nome de dentista pra corrida leve",editar_nome
para de me avisar da academia!,lembrete_desligar
Editar hora do compromisso reuniao do projeto para meio-dia!,editar_horario
"rapidinho, obrigada aí",saudacao
pode deixa caminhada fixa todo sábado,repetir
"rapidinho, quais são suas funções?",ajuda
Por favor corrige o nome psicologa pra estudo de python,editar_nome
escreve levar exames na descrição da banco,editar_descricao
por favor me mostra meu sono por favor,consultar_sono
o que você faz aí,ajuda
Liga a notificação de meditação aí,lembrete_ligar
fala pet pfv,saudacao
liga o lembrete de banco,lembrete_ligar
por favor corrige o nome meditação pra reunião semanal!,editar_nome
"pet, me avisa antes de consulta",lembrete_ligar
Mover atividade trabalho para terça pfv,reagendar
Liga a notificacao de academia,lembrete_ligar
"ei, remarca fisioterapia p terca ai",reagendar
por favor obrigado aí,saudacao
"ei, adiciona a nota pauta trimestral em almoço com a mãe!",editar_descricao
O que tem p amanhã?,consultar_tarefas
por favor como foi meu sono,consultar_sono
"pet, editar nota da tarefa leitura para levar documento?",editar_descricao
como tá minha água,consultar_agua
Pode sem lembrete na dentista,lembrete_desligar
"rapidinho, quanto falta de agua hoje",consultar_agua
por favor agendar compromisso depois de amanhã meio-dia título muay thai por favor,agendar
"Ei, como falo com vc aí",ajuda
Como instalar o app,ajuda_notificacoes
"rapidinho, faz muay thai se repetir de segunda a sexta aí",repetir
adianta muay thai pra as 10 ai,editar_horario
por favor to dormindo pouco??,consultar_sono
"ei, como falo com você",ajuda
"Pet, o que eu tenho hj",consultar_tarefas
"pet, liga o lembrete de massagem",lembrete_ligar
sem lembrete na massagem pfv,lembrete_desligar
por favor como voce funciona,ajuda
como ta minha sequencia?,consultar_sequencia
"ei, desliga a notificação de corrida!",lembrete_desligar
me avisa antes de treino de perna!,lembrete_ligar
que horas fui dormir ontem aí,consultar_sono
"rapidinho, horas de sono da semana",consultar_sono
pode tô dormindo pouco?!,consultar_sono
troca o nome da compromisso yoga por pilates ai,editar_nome
"pet, quero que muay thai repita todo dia por favor",repetir
"ei, atualiza a descrição de reunião",editar_descricao
"pet, notificação não aparece no iphone pfv",ajuda_notificacoes
"ei, muda a descricao de fisioterapia pra comprar arroz e feijao pfv",editar_descricao
Adiciona a nota comprar arroz e feijao em almoco com a mae?,editar_descricao
pode desativa o sininho da jiu-jitsu!,lembrete_desligar
Por favor como voce funciona,ajuda
minhas tarefas pfv,consultar_tarefas
por favor até mais?,saudacao
"ei, vou ter corrida amanhã às 3 da tarde, marca pra mim aí",agendar
Falhei quantas vezes essa semana? aí,consultar_sequencia
pode quais sao suas funcoes por favor,ajuda
"Rapidinho, quantos ml eu tomei por favor",consultar_agua
quanto falta de água hj por favor,consultar_agua
bom dia ai,saudacao
"ei, sem lembrete na jiu-jitsu por favor",lembrete_desligar
inclui trabalho semana que vem as 3 da tarde pfv,agendar
"Pet, muda o horário de treino de perna p às 6 da manhã",editar_horario
"rapidinho, adianta dentista pra",editar_horario
"ei, quero que curso repita todo sábado por favor",repetir
"ei, to hidratado?",consultar_agua
pode falhei quantas vezes essa semana? ai,consultar_sequencia
me avisa antes de treino de perna por favor,lembrete_ligar
por favor quantos dias seguidos eu tenho por favor,consultar_sequencia
"Ei, quantos dias em sequencia pfv",consultar_sequencia
Qual minha sequencia,consultar_sequencia
por favor minhas tarefas!,consultar_tarefas
pode notificacao nao aparece no iphone?,ajuda_notificacoes
"ei, to quantos dias sem falhar? pfv",consultar_sequencia
pode falhei quantas vezes essa semana? pfv,consultar_sequencia
"pet, tira o sino da massagem por favor",lembrete_desligar
"Pet, quanto eu dormi!",consultar_sono
por favor tira o sino da consulta!,lembrete_desligar
por favor cria um compromisso de dentista semana que vem às 9:30 aí,agendar
"rapidinho, qual meu recorde de dias seguidos",consultar_sequencia
"Rapidinho, bom dia pfv",saudacao
desliga o lembrete de massagem pfv,lembrete_desligar
Pode atualiza a descrição de corrida,editar_descricao
"rapidinho, como baixar o app no celular aí",ajuda_notificacoes
"pet, já fiz leitura hoje, registra aí aí",agendar
pode bota o sino na leitura aí,lembrete_ligar
cria um compromisso de jiu-jitsu dia 12 meio-dia por favor,agendar
quantos copos de agua hoje,consultar_agua
"pet, quero que meditação repita dias úteis",repetir
pode como ta minha sequencia,consultar_sequencia
pode quantos dias em sequência!,consultar_sequencia
por favor quanto de água devo beber por favor,consultar_agua
Por favor boa tarde,saudacao
"Pet, apaga o lembrete de trabalho",lembrete_desligar
"pet, minha consistência pfv",consultar_sequencia
por favor que horas fui dormir ontem,consultar_sono
"ei, adianta consulta pra 20h30",editar_horario
por favor me ajuda?,ajuda
por favor o aviso nao chega no meu celular!,ajuda_notificacoes
"Ei, bota faculdade quarta 15h",agendar
"Rapidinho, como tá minha sequência aí",consultar_sequencia
qual minha sequencia?,consultar_sequencia
muda o nome de leitura p reunião semanal,editar_nome
"ei, help!",ajuda
por favor tirar lembrete da atividade yoga,lembrete_desligar
pode quanto eu dormi por favor,consultar_sono
pode quanto falta de água hj,consultar_agua
pode não recebo aviso,ajuda_notificacoes
Pode põe lembrete na reunião do projeto pfv,lembrete_ligar
"rapidinho, escreve comprar arroz e feijao na descricao da faculdade",editar_descricao
ativar lembrete do compromisso consulta?,lembrete_ligar
por favor preciso marcar reunião sexta que vem às 9:30,agendar
põe lembrete na muay thai!,lembrete_ligar
"pet, reagenda meditação pra domingo",reagendar
"ei, meu sono essa semana?",consultar_sono
editar repetição do compromisso mercado para a cada 15 dias por favor,repetir
por favor como tá minha água por favor,consultar_agua
por favor altera a hora de massagem para às 18 horas aí,editar_horario
Coloca yoga pra repetir todo dia,repetir
"pet, atrasa natacao pra as 9:30!",editar_horario
quantos copos de agua hoje ai,consultar_agua
"Rapidinho, minha consistência",consultar_sequencia
pode lista de hoje!,consultar_tarefas
"pet, não vou conseguir meditação hoje, joga pra sexta aí",reagendar
me avisa antes de banco,lembrete_ligar
Não sei usar isso?,ajuda
"rapidinho, renomear massagem para musculação",editar_nome
anota treino de perna dia 25/10 as 8,agendar
nao vibra quando chega aviso,ajuda_notificacoes
ativar lembrete do compromisso muay thai por favor,lembrete_ligar
"Rapidinho, como baixar o app no celular",ajuda_notificacoes
"rapidinho, não sei usar isso pfv",ajuda
ativa o sininho da mercado aí,lembrete_ligar
"rapidinho, deixa reuniao fixa todo sabado?",repetir
"pet, instalar no android",ajuda_notificacoes
"massagem todo mês, coloca repetição",repetir
editar repetição do mercado para todo dia,repetir
cancela o lembrete do compromisso academia?,lembrete_desligar
Quero ser lembrado da leitura aí,lembrete_ligar
por favor como habilitar pop up por favor,ajuda_notificacoes
pode qual minha sequencia,consultar_sequencia
"Pet, caminhada agora e as 8",editar_horario
"Ei, almoço com a mãe todo mês, coloca repetição",repetir
o que voce faz,ajuda
"Ei, opa aí",saudacao
"Pode meditação toda semana, coloca repetição",repetir
quantos dias em sequencia ai,consultar_sequencia
"ei, minha constancia ai",consultar_sequencia
pode como ativar notificação!,ajuda_notificacoes
pode falhei quantas vezes essa semana?,consultar_sequencia
Pode corrige o nome oração pra mercado do mês?,editar_nome
Adianta banco pra 15h,editar_horario
corrige o nome almoço com a mãe pra pilates,editar_nome
"rapidinho, o que eu tenho sexta que vem",consultar_tarefas
adia meditação pra sexta que vem aí,reagendar
"rapidinho, ola",saudacao
"Pet, altera a observacao de meditacao pra levar exames?",editar_descricao
"ei, remarca mercado pra terça?",reagendar
"rapidinho, renomear consulta para treino A por favor",editar_nome
pode ate mais?,saudacao
top por favor,saudacao
minha agenda domingo por favor,consultar_tarefas
"ei, como baixar o app no celular por favor",ajuda_notificacoes
Repete almoço com a mãe todo mês?,repetir
Apaga o lembrete de academia,lembrete_desligar
pode nova tarefa massagem sabado por favor,agendar
Nova tarefa leitura hj,agendar
por favor quero ser lembrado da aula de inglês,lembrete_ligar
"ei, nao precisa me lembrar da oracao?",lembrete_desligar
"ei, minha constância",consultar_sequencia
quanto de água devo beber,consultar_agua
por favor como foi meu sono?,consultar_sono
"Rapidinho, quero que curso repita toda semana",repetir
pode escreve capítulo 5 na descrição da devocional!,editar_descricao
"ei, notificacao nao aparece no iphone",ajuda_notificacoes
apaga o lembrete de reunião do projeto?,lembrete_desligar
pode quanto eu dormi!,consultar_sono
"pet, me ensina a usar aí",ajuda
"ei, remove o lembrete de trabalho",lembrete_desligar
"pet, instalar no android aí",ajuda_notificacoes
corrida agora é !,editar_horario
Pode minha constância aí,consultar_sequencia
"ei, nao recebo aviso?",ajuda_notificacoes
"ei, joga curso pra sábado",reagendar
qual meu recorde de dias seguidos,consultar_sequencia
por favor o aviso nao chega no meu celular pfv,ajuda_notificacoes
tô hidratado? por favor,consultar_agua
tirar lembrete da tarefa curso aí,lembrete_desligar
por favor como tá minha semana pfv,consultar_tarefas
"rapidinho, me ajuda",ajuda
nao sei usar isso!,ajuda
qual minha sequência?,consultar_sequencia
"pet, como ta minha agua pfv",consultar_agua
pode olá!,saudacao
como ativar notificação aí,ajuda_notificacoes
pode quero mudar o horário da caminhada!,editar_horario
"ei, apaga o lembrete de reunião",lembrete_desligar
por favor lista de hoje,consultar_tarefas
como ta minha semana,consultar_tarefas
"rapidinho, altera a observação de dentista pra levar documento pfv",editar_descricao
qual minha sequencia pfv,consultar_sequencia
"ei, qual minha sequência aí",consultar_sequencia
por favor me ajuda!,ajuda
"rapidinho, atualiza a descricao de natacao ai",editar_descricao
"ei, como ta minha agua!",consultar_agua
"pet, reagendar tarefa corrida para dia 12!",reagendar
por favor marcar lembrete na tarefa reuniao por favor,lembrete_ligar
"ei, editar repeticao do tarefa caminhada para todo sabado ai",repetir
"rapidinho, me ensina a usar",ajuda
por favor bota devocional sábado às 10,agendar
Escreve comprar arroz e feijão na descrição da psicóloga por favor,editar_descricao
"pet, apaga o lembrete de academia",lembrete_desligar
to hidratado? pfv,consultar_agua
"ei, repetir tarefa psicóloga dias úteis pfv",repetir
"ei, muda o nome de faculdade pra mercado do mes?",editar_nome
"ei, como coloco o app na tela inicial pfv",ajuda_notificacoes
O que posso te pedir,ajuda
"pet, quais comandos",ajuda
Por favor tô quantos dias sem falhar?,consultar_sequencia
"rapidinho, remarca banco pra quarta?",reagendar
adiciona a nota pauta trimestral em muay thai!,editar_descricao
altera a observação de mercado pra capítulo 5,editar_descricao
Pode marcar lembrete na tarefa fisioterapia!,lembrete_ligar
"rapidinho, o que falta fazer hj?",consultar_tarefas
"rapidinho, adiciona a nota capítulo 5 em trabalho!",editar_descricao
registrar tarefa devocional semana que vem pfv,agendar
"pet, renomear academia para mercado do mes pfv",editar_nome
"ei, adicionar lembrete na atividade yoga ai",lembrete_ligar
"pet, como instalar o app",ajuda_notificacoes
"pet, muda o nome de fisioterapia pra estudo de python aí",editar_nome
Escreve treino de costas na descrição da faculdade,editar_descricao
instalar no android!,ajuda_notificacoes
Nova tarefa faculdade hoje por favor,agendar
"rapidinho, o nome de natação agora é mercado do mês!",editar_nome
Pode recorrencia de almoco com a mae toda semana!,repetir
registra que eu fiz consulta hj,agendar
tenho algo marcado hj? aí,consultar_tarefas
pode renomear massagem para treino A,editar_nome
atualiza a descrição de mercado por favor,editar_descricao
Olá?,saudacao
Pode adianta natação pra às 9:30?,editar_horario
"ei, editar hora do compromisso trabalho para 19:00",editar_horario
"Ei, o lembrete não tocou",ajuda_notificacoes
pode o que falta fazer hj por favor,consultar_tarefas
A muay thai e todo mes ai,repetir
pode quantos dias em sequencia pfv,consultar_sequencia
horas de sono da semana!,consultar_sono
por favor como tá minha água!,consultar_agua
muda a descricao de academia pra comprar arroz e feijao,editar_descricao
corrige o nome jiu-jitsu pra musculacao ai,editar_nome
coloca lembrete em jiu-jitsu por favor,lembrete_ligar
Por favor coloca na descrição de academia: capítulo 5 por favor,editar_descricao
o lembrete nao tocou por favor,ajuda_notificacoes
minha hidratação,consultar_agua
"Rapidinho, minha consistencia ai",consultar_sequencia
"Ei, não vibra quando chega aviso",ajuda_notificacoes
"ei, nao vou conseguir almoco com a mae hoje, joga pra segunda ai",reagendar
"ei, como baixar o app no celular aí",ajuda_notificacoes
liga a notificação de reunião do projeto,lembrete_ligar
Por favor poe lembrete na leitura por favor,lembrete_ligar
por favor ajuda pfv,ajuda
"rapidinho, me ajuda ai",ajuda
"Ei, dormi bem essa noite?",consultar_sono
"ei, cancela o lembrete do compromisso trabalho",lembrete_desligar
joga fisioterapia pra amanhã pfv,reagendar
"ei, faz corrida se repetir toda semana aí",repetir
atrasa academia pra 19:00,editar_horario
"academia toda semana, coloca repeticao por favor",repetir
por favor a consulta é toda segunda?,repetir
sem lembrete na meditação,lembrete_desligar
Muda o nome de caminhada pra pilates aí,editar_nome
"Rapidinho, desliga a notificacao de reuniao!",lembrete_desligar
"rapidinho, troca o nome da natação por musculação?",editar_nome
minha hidratacao,consultar_agua
o que falta fazer hoje aí,consultar_tarefas
pode boa noite?,saudacao
deixa almoço com a mãe fixa a cada 15 dias aí,repetir
"Rapidinho, muda a descrição de leitura p capítulo 5 aí",editar_descricao
Pode top,saudacao
"rapidinho, o que eu tenho hoje por favor",consultar_tarefas
"ei, cria um compromisso de dentista dia 25/10 as 3 da tarde",agendar
pode me ensina a usar?,ajuda
atrasa faculdade p pfv,editar_horario
"ei, renomeia oracao pra leitura biblica",editar_nome
Renomeia caminhada pra mercado do mês,editar_nome
atrasa oracao p as 3 da tarde,editar_horario
"ei, o aviso nao chega no meu celular pfv",ajuda_notificacoes
Quero que banco repita toda segunda,repetir
quantos copos de água hj!,consultar_agua
Pode passa treino de perna pra sexta?,reagendar
boa tarde por favor,saudacao
liga a notificação de jiu-jitsu pfv,lembrete_ligar
"pet, quantos copos de água hoje por favor",consultar_agua
Altera a observacao de muay thai pra pauta trimestral,editar_descricao
Dormi bem essa noite??,consultar_sono
"rapidinho, quero ser lembrado da fisioterapia!",lembrete_ligar
pode reagendar compromisso jiu-jitsu para terça,reagendar
Que horas fui dormir ontem,consultar_sono
deixa devocional fixa a cada 15 dias!,repetir
por favor o que tem pra amanha,consultar_tarefas
"rapidinho, a muay thai é todo mês",repetir
sem lembrete na muay thai,lembrete_desligar
ativa o sininho da mercado?,lembrete_ligar
o que eu tenho domingo pfv,consultar_tarefas
por favor muda o nome de academia pra corrida leve!,editar_nome
por favor meta de água,consultar_agua
quero mudar o horário da oração,editar_horario
"ei, anota reunião terça às 7h pfv",agendar
agendar compromisso quarta às 8 título almoço com a mãe por favor,agendar
pode o lembrete não tocou aí,ajuda_notificacoes
boa noite,saudacao
quantas horas dormi hj por favor,consultar_sono
Pode como baixar o app no celular por favor,ajuda_notificacoes
coloca na descricao de corrida: pauta trimestral?,editar_descricao
Quais meus compromissos depois de amanha por favor,consultar_tarefas
Minha streak,consultar_sequencia
Por favor as notificações não chegam,ajuda_notificacoes
Quero mudar o horário da aula de inglês aí,editar_horario
escreve pauta trimestral na descrição da leitura,editar_descricao
"pet, a estudo é de segunda a sexta",repetir
"pet, media de sono",consultar_sono
to hidratado?,consultar_agua
"rapidinho, minha constancia pfv",consultar_sequencia
editar repeticao do curso para todo sabado pfv,repetir
"pet, remove o lembrete de yoga",lembrete_desligar
Pode quantos dias seguidos eu tenho por favor,consultar_sequencia
"pet, reagendar atividade oracao para terca por favor",reagendar
quero que caminhada repita toda segunda,repetir
Por favor altera a observacao de treino de perna pra levar documento,editar_descricao
pode quanto tempo de sono aí,consultar_sono
"pet, que horas fui dormir ontem!",consultar_sono
"ei, o lembrete não tocou",ajuda_notificacoes
joga aula de ingles pra dia 25/10,reagendar
quanto falta de agua hoje pfv,consultar_agua
"ei, registra que eu fiz dentista segunda aí",agendar
"rapidinho, agendar compromisso segunda-feira as 3 da tarde titulo yoga ai",agendar
quais meus compromissos semana que vem?,consultar_tarefas
O aviso não chega no meu celular pfv,ajuda_notificacoes
"rapidinho, empurra oração pra segunda-feira",reagendar
tira o sino da mercado,lembrete_desligar
para de me avisar da psicologa!,lembrete_desligar
Editar repeticao do tarefa yoga para todo sabado,repetir
obrigado!,saudacao
marca trabalho pra amanha 15h!,agendar
pode remove o lembrete de dentista,lembrete_desligar
pode minha hidratacao por favor,consultar_agua
"rapidinho, joga reuniao pra sexta que vem?",reagendar
por favor renomeia trabalho p leitura bíblica!,editar_nome
"rapidinho, passa consulta pra aí",editar_horario
preciso marcar reuniao do projeto quinta as 10,agendar
Tô quantos dias sem falhar??,consultar_sequencia
"pet, bebi água suficiente?!",consultar_agua
"Rapidinho, atrasa almoço com a mãe pra às 8!",editar_horario
por favor agendar aula de inglês semana que vem às 18 horas?,agendar
pode não precisa me lembrar da treino de perna!,lembrete_desligar
transfere corrida pra depois de amanhã 20h30 pfv,reagendar
"pet, agendar compromisso quarta as 8 titulo consulta?",agendar
"pet, lista de hj",consultar_tarefas
"ei, to dormindo pouco? ai",consultar_sono
muda o título da banco para leitura bíblica aí,editar_nome
falhei quantas vezes essa semana? aí,consultar_sequencia
"rapidinho, coloca lembrete em dentista",lembrete_ligar
"pet, o que voce sabe fazer?",ajuda
tô quantos dias sem falhar??,consultar_sequencia
bota o sino na mercado ai,lembrete_ligar
mostra minhas tarefas de amanha,consultar_tarefas
muda o horário de dentista pra às 6 da manhã,editar_horario
"Rapidinho, muda a descrição de oração pra capítulo 5",editar_descricao
quais comandos ai,ajuda
"Ei, nao vibra quando chega aviso",ajuda_notificacoes
pode minha consistência,consultar_sequencia
me ajuda,ajuda
"pet, liga o lembrete de reunião?",lembrete_ligar
"rapidinho, a nota da estudo e comprar arroz e feijao?",editar_descricao
pode como ativar notificacao?,ajuda_notificacoes
"rapidinho, coloca na descricao de reuniao: levar documento",editar_descricao
escreve levar documento na descricao da devocional pfv,editar_descricao
pode tô hidratado? aí,consultar_agua
"curso mudou de horario, coloca as 9:30 ai",editar_horario
Troca a hora da banco pra 15h!,editar_horario
agendar compromisso amanhã às 18 horas título massagem!,agendar
e aí aí,saudacao
"rapidinho, massa!",saudacao
pode registrar tarefa psicóloga sexta,agendar
"rapidinho, bebi água suficiente?!",consultar_agua
pode bebi água suficiente? pfv,consultar_agua
"Pet, minha constância pfv",consultar_sequencia
por favor me mostra meu sono,consultar_sono
show por favor,saudacao
Meu sono essa semana pfv,consultar_sono
tira o sino da yoga,lembrete_desligar
"ei, quero que fisioterapia repita toda segunda por favor",repetir
"rapidinho, o que você sabe fazer",ajuda
pode anota yoga quarta 15h,agendar
"rapidinho, não precisa me lembrar da natação",lembrete_desligar
altera a hora de reunião do projeto para meio-dia,editar_horario
"pet, minhas tarefas!",consultar_tarefas
pode não vibra quando chega aviso,ajuda_notificacoes
"rapidinho, coloca lembrete em curso ai",lembrete_ligar
"pet, sem lembrete na mercado por favor",lembrete_desligar
"rapidinho, notificação não aparece no iphone",ajuda_notificacoes
por favor minha constância!,consultar_sequencia
"ei, desliga a notificação de reunião do projeto por favor",lembrete_desligar
pode o lembrete não tocou pfv,ajuda_notificacoes
bebi água suficiente?,consultar_agua
mover tarefa curso para terça,reagendar
fala pet!,saudacao
"rapidinho, que horas fui dormir ontem",consultar_sono
top?,saudacao
remove o lembrete de oracao,lembrete_desligar
por favor quantas horas dormi hoje,consultar_sono
por favor que horas fui dormir ontem!,consultar_sono
boa noite pfv,saudacao
"pet, bota banco quarta às 9:30 aí",agendar
"ei, bebi água suficiente??",consultar_agua
Reagenda devocional pra semana que vem,reagendar
como voce funciona?,ajuda
altera a hora de muay thai para às 3 da tarde pfv,editar_horario
renomear faculdade para treino A,editar_nome
pode como tá minha sequência pfv,consultar_sequencia
Me avisa antes de devocional,lembrete_ligar
por favor nova tarefa estudo amanhã!,agendar
quantos dias seguidos eu tenho!,consultar_sequencia
"rapidinho, coloca reuniao pra repetir todo mes?",repetir
"pet, atrasa reunião do projeto pra às 9:30 por favor",editar_horario
Coloca na descricao de yoga: capitulo 5,editar_descricao
por favor quantos dias em sequência pfv,consultar_sequencia
por favor quais comandos,ajuda
por favor como ta minha agua por favor,consultar_agua
"rapidinho, o nome de meditacao agora e musculacao",editar_nome
por favor quero mudar o nome de oração para mercado do mês aí,editar_nome
por favor falhei quantas vezes essa semana?,consultar_sequencia
marcar lembrete na tarefa academia,lembrete_ligar
repetir compromisso fisioterapia todo sabado,repetir
"pet, tudo bem? por favor",saudacao
"rapidinho, nao sei usar isso por favor",ajuda
"pet, empurra jiu-jitsu pra hoje",reagendar
"ei, mostra minhas tarefas de segunda-feira ai",consultar_tarefas
minha constancia,consultar_sequencia
Atrasa almoco com a mae pra 15h,editar_horario
"pet, desativa o sininho da meditacao pfv",lembrete_desligar
remove o lembrete de leitura!,lembrete_desligar
por favor troca a hora da corrida pra 20h30,editar_horario
"pet, passa reunião do projeto pra meio-dia aí",editar_horario
Por favor quais são suas funções,ajuda
"Rapidinho, pode agendar consulta pra depois de amanhã?",agendar
por favor a dentista e dias uteis ai,repetir
"Rapidinho, o que posso te pedir ai",ajuda
Quantos dias seguidos eu tenho por favor,consultar_sequencia
pode sem lembrete na caminhada,lembrete_desligar
"Pet, coloca na descricao de reuniao do projeto: comprar arroz e feijao!",editar_descricao
registra que eu fiz almoço com a mãe domingo!,agendar
como tá minha água aí,consultar_agua
como coloco o app na tela inicial,ajuda_notificacoes
"ei, quais atividades faltam pfv",consultar_tarefas
"ei, mover atividade reunião do projeto para terça aí",reagendar
que horas eu acordei!,consultar_sono
pode meu sono essa semana?,consultar_sono
pode o que tem pra amanhã,consultar_tarefas
pode fisioterapia agora e as 18 horas,editar_horario
por favor liga a notificação de consulta,lembrete_ligar
"ei, como tá minha água",consultar_agua
"vou ter academia amanha as 7h, marca pra mim!",agendar
atualiza a descrição de yoga aí,editar_descricao
adianta natação pra às 7h,editar_horario
o aviso nao chega no meu celular,ajuda_notificacoes
"rapidinho, ativar lembrete do compromisso banco pfv",lembrete_ligar
"Pet, quanto de água devo beber",consultar_agua
"massagem mudou de horário, coloca 15h",editar_horario
"rapidinho, cancela o lembrete do compromisso reunião do projeto!",lembrete_desligar
como ativar notificação,ajuda_notificacoes
Minhas tarefas aí,consultar_tarefas
"ei, ajuda por favor",ajuda
A corrida e toda segunda!,repetir
quanto falta de água hoje pfv,consultar_agua
pode quantos ml eu tomei,consultar_agua
repete reuniao a cada 15 dias pfv,repetir
"ei, o que posso te pedir?",ajuda
"ei, minha constância!",consultar_sequencia
"ei, mostra minhas tarefas de dia 12 aí",consultar_tarefas
"pet, sem lembrete na leitura por favor",lembrete_desligar
pode meta de água pfv,consultar_agua
"Ei, desativa o sininho da natacao!",lembrete_desligar
pode desliga o lembrete de reunião do projeto,lembrete_desligar
por favor tenho psicóloga hoje 19:00 aí,agendar
"ei, tenho faculdade sexta pfv",agendar
pode como você funciona aí,ajuda
apaga o lembrete de consulta,lembrete_desligar
pode editar nota da tarefa consulta para capitulo 5,editar_descricao
reagendar compromisso muay thai para amanhã aí,reagendar
obrigada pfv,saudacao
"Rapidinho, bebi água suficiente? pfv",consultar_agua
Adicionar lembrete na tarefa muay thai,lembrete_ligar
notificação não aparece no iphone,ajuda_notificacoes
Bom dia,saudacao
ativar lembrete do compromisso muay thai?,lembrete_ligar
"ei, tudo bem? por favor",saudacao
"rapidinho, help",ajuda
"pet, o aviso nao chega no meu celular pfv",ajuda_notificacoes
to hidratado??,consultar_agua
"Ei, cancela o lembrete do compromisso aula de inglês",lembrete_desligar
"Rapidinho, joga dentista pra semana que vem por favor",reagendar
"ei, o que vc faz pfv",ajuda
repete mercado de segunda a sexta?,repetir
marcar lembrete na tarefa leitura?,lembrete_ligar
"pet, marca reunião do projeto pra domingo 15h pfv",agendar
por favor valeu pfv,saudacao
"rapidinho, quero mudar o horário da reunião pfv",editar_horario
"ei, me avisa antes de consulta por favor",lembrete_ligar
"rapidinho, adianta treino de perna pra 20h30 aí",editar_horario
Pode como foi meu sono aí,consultar_sono
Por favor minha consistencia,consultar_sequencia
"rapidinho, bom dia por favor",saudacao
por favor horas de sono da semana por favor,consultar_sono
"Pet, beleza",saudacao
"pet, quantos dias em sequência",consultar_sequencia
"pet, altera a observação de faculdade pra levar exames aí",editar_descricao
tudo bem?,saudacao
"ei, to dormindo pouco? pfv",consultar_sono
o que posso te pedir aí,ajuda
"pet, editar descricao do atividade consulta para levar exames pfv",editar_descricao
por favor muda banco pro dia quarta!,reagendar
"pet, as notificações não chegam?",ajuda_notificacoes
Registrar compromisso leitura hoje?,agendar
pode quanto tempo de sono,consultar_sono
tenho algo marcado amanhã?,consultar_tarefas
desliga a notificacao de corrida,lembrete_desligar
empurra banco pra sexta que vem,reagendar
remarca banco pra depois de amanhã,reagendar
Por favor ate mais ai,saudacao
o que você sabe fazer,ajuda
"rapidinho, como falo com você aí",ajuda
editar repeticao do tarefa jiu-jitsu para toda semana,repetir
"meditação a cada 15 dias, coloca repetição",repetir
não vibra quando chega aviso?,ajuda_notificacoes
por favor ajuda,ajuda
por favor dormi bem essa noite? pfv,consultar_sono
minha hidratação!,consultar_agua
por favor inclui muay thai sexta que vem 19:00,agendar
me avisa antes de consulta aí,lembrete_ligar
"pet, treino de perna todo dia, coloca repetição",repetir
me avisa antes de massagem,lembrete_ligar
pode empurra fisioterapia pra semana que vem,reagendar
"ei, tira o sino da corrida",lembrete_desligar
Marcar lembrete na tarefa estudo pfv,lembrete_ligar
quanto falta de água hoje,consultar_agua
"ei, obrigado!",saudacao
corrige o nome muay thai pra mercado do mês por favor,editar_nome
Coloca reunião pra repetir todo mês,repetir
por favor altera o título de aula de inglês pra mercado do mês por favor,editar_nome
"pet, não vibra quando chega aviso pfv",ajuda_notificacoes
pode agendar meditação pra domingo?,agendar
anota massagem sabado as 18 horas?,agendar
me ajuda!,ajuda
Por favor que horas fui dormir ontem!,consultar_sono
por favor editar hora do compromisso meditação para 19:00 aí,editar_horario
"pet, como ativar notificacao",ajuda_notificacoes
por favor agenda reunião do projeto sábado meio-dia por favor,agendar
"pet, quero mudar o nome de corrida para estudo de python por favor",editar_nome
por favor o que tem pra amanhã,consultar_tarefas
"pet, adicionar lembrete na trabalho pfv",lembrete_ligar
"ei, para de me avisar da caminhada",lembrete_desligar
"ei, troca o detalhe da consulta para treino de costas aí",editar_descricao
"ei, desativa o sininho da muay thai por favor",lembrete_desligar
"Rapidinho, quantos ml eu tomei aí",consultar_agua
"Rapidinho, quantos ml eu tomei",consultar_agua
"ei, quanto falta de água hj!",consultar_agua
"Trabalho toda segunda, coloca repetição",repetir
que horas eu acordei?,consultar_sono
"ei, ja fiz fisioterapia hoje, registra ai!",agendar
"pet, cria um compromisso de estudo segunda às 10?",agendar
por favor quais meus compromissos dia 12,consultar_tarefas
como ta minha agua ai,consultar_agua
"rapidinho, como tá minha água pfv",consultar_agua
"pet, renomeia muay thai pra estudo de python pfv",editar_nome
ativar lembrete do compromisso mercado!,lembrete_ligar
por favor como tá minha sequência?,consultar_sequencia
por favor até mais,saudacao
por favor reagenda yoga pra terça pfv,reagendar
por favor me lembra de faculdade depois de amanha as 18 horas,agendar
"ei, o que eu tenho hoje",consultar_tarefas
"Pet, meu sono essa semana aí",consultar_sono
muda o nome de psicóloga pra pilates pfv,editar_nome
